x,y,speed,heading,fix_quality
661518.989296747,1509812.216494699,0.664088,22.14,4
661519.344350493,1509813.122155391,1.191452,21.73,4
661519.787969094,1509814.286497044,1.25416,22.94,4
661520.249618295,1509815.450949658,1.2628979999999999,23.33,4
661520.710927086,1509816.670715045,1.3050460000000002,19.83,4
661521.208297111,1509817.890702345,1.3132700000000002,22.4,4
661521.687522992,1509819.129016297,1.343596,21.82,4
661522.238984826,1509820.349336475,1.353362,23.5,4
661522.808363787,1509821.588205210,1.383174,26.56,4
661523.467895867,1509822.827628717,1.4582180000000002,26.15,4
661524.181179418,1509824.122697864,1.294252,30.74,4
661524.895030176,1509825.325579103,1.364156,32.82,4
661525.609221236,1509826.473147608,1.32612,30.61,4
661526.252083898,1509827.491209215,0.995618,31.51,4
661526.751949480,1509828.305569753,0.843988,33.35,4
661527.323029896,1509829.267874821,1.185798,35.62,4
661528.001613300,1509830.341471157,1.4561620000000002,31.12,4
661528.858914519,1509831.674303296,1.6324640000000001,33.69,4
661529.751709603,1509833.099545324,1.718816,33.51,4
661530.698483007,1509834.543557851,1.743488,33.84,4
661531.663173472,1509836.006118970,1.7717580000000002,34.14,4
661532.627636893,1509837.505555312,1.7964300000000002,34.34,4
661533.628047990,1509839.023651210,1.800542,32.67,4
661534.592397713,1509840.541525241,1.809794,33.5,4
661535.556633857,1509842.077836908,1.780496,33.18,4
661536.521210273,1509843.558835859,1.731152,33.28,4
661537.450179204,1509844.965862581,1.602138,32.95,4
661538.361457807,1509846.317465619,1.6448,34.35,4
661539.236448134,1509847.705721950,1.691574,33.99,4
661540.201251056,1509849.149845909,1.689004,32.67,4
661541.130333037,1509850.538435219,1.6776959999999999,33.24,4
661542.041611239,1509851.890038431,1.567186,34.4,4
661542.863644029,1509853.093586142,1.345138,35.22,4
661543.578287343,1509854.167404964,1.2305160000000002,32.49,4
661544.095955495,1509855.018752103,0.7458140000000001,32.74,4
661544.452823217,1509855.629411890,0.971974,31.87,4
661545.077313320,1509856.702675930,1.3482220000000003,30.93,4
661545.737410702,1509857.849912285,1.5409720000000002,29.22,4
661546.504103064,1509859.255940729,1.6561080000000001,29.9,4
661547.324433272,1509860.736052471,1.707508,29.4,4
661548.162907469,1509862.197837631,1.700312,29.71,4
661549.073504004,1509863.660066715,1.720872,33.23,4
661550.020388602,1509865.085642609,1.713676,34.57,4
661551.003561265,1509866.474565315,1.6504539999999999,35.74,4
661551.986960776,1509867.826612891,1.668444,35.94,4
661553.024565479,1509869.160555848,1.683864,37.93,4
661554.080314159,1509870.476172246,1.674098,37.97,4
661555.135949250,1509871.810226288,1.677182,39.37,4
661556.209841797,1509873.107516181,1.704424,41.48,4
661557.319908926,1509874.386590497,1.7023679999999999,43.37,4
661558.411945342,1509875.665553892,1.676668,40.2,4
661559.504095132,1509876.926079756,1.661248,38.63,4
661560.596017845,1509878.223480858,1.681808,39.96,4
661561.651765765,1509879.539097646,1.699798,38.38,4
661562.725317197,1509880.891700651,1.724984,39.71,4
661563.780837919,1509882.244192732,1.748114,38.58,4
661564.890109852,1509883.652330590,1.7964300000000002,38.22,4
661566.053700434,1509885.023926281,1.808766,40.59,4
661567.199260294,1509886.395411053,1.7753560000000002,39.64,4
661568.362964118,1509887.748569284,1.77587,42.63,4
661569.526894804,1509889.064852397,1.746572,40.96,4
661570.654537197,1509890.417788782,1.756338,40.06,4
661571.764148884,1509891.770614240,1.771244,40.68,4
661572.891564053,1509893.160425931,1.7943740000000001,39.37,4
661574.000835008,1509894.568564285,1.808252,38.81,4
661575.109765356,1509896.032015475,1.853484,38.45,4
661576.218695574,1509897.495466726,1.820074,38.05,4
661577.273987896,1509898.884834691,1.681294,36.91,4
661578.257271254,1509900.255321144,1.771244,39.7,4
661579.365747102,1509901.792522938,1.952686,35.11,4
661580.509602977,1509903.440572338,1.996376,35.98,4
661581.635768625,1509905.033198032,1.914136,34.4,4
661582.725759461,1509906.644039388,1.9557700000000002,35.99,4
661583.851697817,1509908.273540393,1.985582,35.34,4
661585.013924199,1509909.866388278,1.943948,36.26,4
661586.122058695,1509911.458903230,1.888436,34.83,4
661587.194358905,1509913.014321056,1.840634,37.2,4
661588.248855420,1509914.532752754,1.85554,38.91,4
661589.285548250,1509916.014198320,1.749656,34.63,4
661590.340498551,1509917.458879759,1.7152180000000001,37.84,4
661591.377758686,1509918.848137470,1.70391,36.66,4
661592.378617028,1509920.292486004,1.738348,35.05,4
661593.343300599,1509921.755050170,1.7193300000000002,34.16,4
661594.289839966,1509923.235940971,1.726012,33.25,4
661595.218348653,1509924.716720812,1.743488,33.41,4
661596.147197775,1509926.142187918,1.6951720000000001,33.62,4
661597.058129731,1509927.549106466,1.640174,33.72,4
661597.969402131,1509928.900712276,1.618586,35.16,4
661598.898932033,1509930.215553952,1.561532,35.83,4
661599.757020677,1509931.419326064,1.611904,34.49,4
661600.668633344,1509932.715619218,1.6571360000000002,34.71,4
661601.633770020,1509934.104433422,1.70648,34.96,4
661602.616937156,1509935.493358688,1.697228,36.92,4
661603.653968830,1509936.919492233,1.762506,33.5,4
661604.690773348,1509938.382501021,1.776384,37.42,4
661605.800154080,1509939.772203550,1.790262,41.69,4
661606.891504127,1509941.161795122,1.7362920000000002,39.83,4
661607.982854053,1509942.551386753,1.7609640000000002,38.07,4
661609.056059784,1509943.959305020,1.7671320000000001,38.46,4
661610.129151865,1509945.385660938,1.77844,38.72,4
661611.238418466,1509946.793801359,1.7224140000000001,39.23,4
661612.294047386,1509948.127858399,1.6597060000000001,39.64,4
661613.349903250,1509949.425040304,1.674612,40.32,4
661614.441933647,1509950.704006713,1.671528,42.01,4
661615.533963934,1509951.982973180,1.664846,39.14,4
661616.571675391,1509953.298481823,1.678724,38.77,4
661617.609273212,1509954.632428114,1.684892,39.91,4
661618.646984453,1509955.947936862,1.7028820000000002,36.79,4
661619.684582057,1509957.281883260,1.692088,39.27,4
661620.758354186,1509958.597614171,1.6571360000000002,39.74,4
661621.796632780,1509959.820935103,1.638118,47.07,4
661622.997753885,1509960.953067370,1.6340059999999998,51.65,4
661624.344141100,1509961.920149581,1.697742,58.45,4
661625.908257237,1509962.667313095,1.718816,70.59,4
661627.545857953,1509963.193669688,1.70391,78.06,4
661629.293231460,1509963.462566243,1.756852,84.58,4
661631.059770904,1509963.547197990,1.842176,89.43,4
661632.881310335,1509963.484662193,1.7768979999999999,93.93,4
661634.685386961,1509963.329827500,1.802084,94.52,4
661636.471319531,1509963.193319488,1.808766,93.56,4
661638.293199682,1509963.075471271,1.816476,93.84,4
661640.133110408,1509962.957734221,1.839092,92.86,4
661642.026885716,1509962.877205619,1.923388,92.58,4
661643.956608596,1509962.815336837,1.94292,92.4,4
661645.904589151,1509962.716704046,1.943948,93.5,4
661647.852796844,1509962.581196202,1.919276,94.47,4
661649.765057029,1509962.427028809,1.8899780000000002,92.9,4
661651.659173148,1509962.291188101,1.877642,93.68,4
661653.552721514,1509962.247535517,1.858624,91.71,4
661655.374147701,1509962.203438864,1.828298,92.76,4
661657.213604463,1509962.159453388,1.856568,91.6,4
661659.071091793,1509962.115579095,1.871474,91.93,4
661660.946609692,1509962.071815988,1.822644,92.01,4
661662.785952952,1509962.046268500,1.8437180000000002,91.66,4
661664.607265677,1509962.020610082,1.8211020000000002,91.51,4
661666.464866652,1509961.958298711,1.867876,92.16,4
661668.322126947,1509961.951300268,1.851428,91.84,4
661670.161470278,1509961.925753294,1.8457740000000002,90.01,4
661671.983010215,1509961.863220188,1.84269,93.01,4
661673.804550176,1509961.800687207,1.7897480000000001,91.5,4
661675.608059607,1509961.738043286,1.80928,92.74,4
661677.411682635,1509961.656961889,1.839092,92.2,4
661679.088637524,1509961.648853539,1.646342,90.55,4
661680.855858764,1509961.622863040,1.825728,91.54,4
661682.749521038,1509961.560774952,1.8982020000000002,89.95,4
661684.696820677,1509961.572770615,1.954742,89.84,4
661686.662378044,1509961.548002294,1.987638,89.66,4
661688.627821852,1509961.541671722,1.988152,91.15,4
661690.647584498,1509961.498799321,1.981984,90.03,4
661692.631286064,1509961.455704922,1.96605,92.09,4
661694.633018207,1509961.412721750,1.974274,90.95,4
661696.580658714,1509961.369405491,1.9532,90.17,4
661698.528299241,1509961.326089375,1.946518,91.81,4
661700.494197526,1509961.246009283,1.9763300000000001,92.78,4
661702.460323022,1509961.129054135,1.9475460000000002,94.06,4
661704.354894301,1509960.919466784,1.884838,97.76,4
661706.178024971,1509960.598809611,1.805682,100.22,4
661707.911002924,1509960.277597124,1.749656,102.89,4
661709.662693065,1509959.845870224,1.7691880000000002,107.1,4
661711.343397032,1509959.229323056,1.795402,112.87,4
661712.970691013,1509958.501817103,1.789234,117.3,4
661714.562378375,1509957.700338650,1.8025980000000001,116.38,4
661716.172437203,1509956.843658570,1.813906,120.43,4
661717.710941919,1509955.894346190,1.839606,121.78,4
661719.249446755,1509954.945033890,1.896146,124.58,4
661720.625449459,1509954.031597011,1.605736,123.59,4
661722.073574504,1509953.118604582,1.803626,122.2,4
661723.666739390,1509952.077437786,2.005114,124.49,4
661725.350511645,1509950.963076155,1.946518,121.65,4
661726.979965142,1509949.885256526,1.874558,119.93,4
661728.626994913,1509948.881298497,1.992264,123.44,4
661730.238304511,1509947.821805545,1.8128780000000002,122.53,4
661731.740521967,1509946.909146888,1.745544,123.77,4
661733.224822574,1509945.977939599,1.7193300000000002,121.67,4
661734.655258819,1509945.009523863,1.710078,123.62,4
661736.049861266,1509944.004010776,1.76559,124.82,4
661737.426887710,1509942.924636232,1.74503,131.15,4
661738.678495594,1509941.715420772,1.722928,137.94,4
661739.822601864,1509940.394913091,1.714704,142.7,4
661740.823031755,1509938.981328562,1.71419,148.03,4
661741.625352687,1509937.529646653,1.5887740000000001,154.9,4
661742.265512147,1509936.058527173,1.5605040000000001,162.2,4
661742.670138019,1509934.770339316,1.113324,164.1,4
661742.892413047,1509933.812917235,0.922116,167.13,4
661743.095521335,1509933.039760081,0.778196,163.77,4
661743.190559783,1509932.247498666,1.050616,171.7,4
661743.342075947,1509931.068380902,1.284486,175.09,4
661743.422946841,1509929.649129850,1.705452,178.78,4
661743.452111964,1509927.842355791,1.9038560000000002,179.97,4
661743.464382674,1509925.851094587,1.9619380000000002,180.97,4
661743.530858736,1509923.841729111,1.991236,179.29,4
661743.632827864,1509921.924773873,1.911052,178.51,4
661743.644530451,1509920.025700694,1.919276,178.66,4
661743.620285469,1509918.107967697,1.83498,176.03,4
661743.667708348,1509916.264429552,1.780496,174.32,4
661743.732480109,1509914.531628139,1.697228,174.89,4
661743.816532237,1509912.596124198,2.027216,175.97,4
661743.955585069,1509910.513452756,2.0452060000000003,175.11,4
661744.094183438,1509908.504531729,1.9033419999999999,175.34,4
661744.178235563,1509906.569027792,1.932126,176.14,4
661744.262514913,1509904.596648650,1.952686,179.06,5
661744.310392220,1509902.679360103,1.893062,179.13,5
661744.304404947,1509900.724863026,1.9125940000000001,181.08,5
661744.315880180,1509898.862665078,1.84526,181.25,4
661744.254437685,1509897.129085925,1.672042,184.29,4
661744.066326490,1509895.468479434,1.680266,190.07,4
661743.679992239,1509893.788213165,1.7506840000000001,193.9,4
661743.113124658,1509892.143711048,1.769702,205.45,4
661742.329662502,1509890.534750885,1.803112,206.37,4
661741.456047209,1509888.925235230,1.8272700000000002,210.38,4
661739.670937270,1509886.000983485,1.399622,208.34,4
661739.010621448,1509884.890616474,1.289626,213.43,4
661738.206515132,1509883.705610253,1.4911139999999998,215.15,4
661737.384946177,1509882.428304948,1.5214400000000001,213.14,4
661736.528111184,1509881.021714258,1.58826,209.33,4
661735.616729819,1509879.688540716,1.6776959999999999,213.27,4
661734.633793944,1509878.262734803,1.779468,218.66,4
661733.507521897,1509876.688539328,1.933154,216.36,4
661732.290301397,1509875.242851642,1.7733,217.45,4
661731.235583514,1509873.761288699,1.813906,218.89,4
661730.162153261,1509872.390240329,1.72961,219.5,4
661729.161640588,1509870.890573184,1.83241,217.25,4
661728.052944085,1509869.390239522,1.8874080000000002,217.06,4
661726.944588252,1509867.834593116,1.897174,217.38,4
661725.836118682,1509866.297384375,1.887922,219.19,4
661724.600753027,1509864.870023660,1.879698,220.27,4
661723.456108342,1509863.351030468,1.9007720000000001,218.91,4
661722.275288674,1509861.850252761,1.880726,218.75,4
661721.057953233,1509860.423003350,1.8786699999999998,222.33,4
661719.858875471,1509858.958989898,1.8653060000000001,218.67,4
661718.677714605,1509857.513525203,1.884324,220.17,4
661717.442234534,1509856.104602519,1.880726,220.65,4
661716.206754332,1509854.695679910,1.8709600000000002,221.27,4
661714.989531804,1509853.249993256,1.899744,220.73,4
661713.808597583,1509851.767653641,1.8982020000000002,220.0,4
661712.609632593,1509850.285203011,1.910538,220.47,4
661711.338317759,1509848.839183326,1.913108,220.25,4
661710.103064050,1509847.393385880,1.950116,220.54,4
661708.868264548,1509845.873838107,1.9598820000000001,219.56,4
661707.579259409,1509844.372394772,1.949088,220.87,4
661706.326201805,1509842.889611273,1.9254440000000002,219.73,4
661705.109091748,1509841.425487605,1.8791840000000002,221.59,4
661703.855238777,1509840.071767455,1.796944,221.7,4
661702.781351310,1509838.774470932,1.613446,221.57,4
661701.779359124,1509837.514493961,1.655594,221.86,4
661700.759109039,1509836.291281166,1.583634,218.17,4
661699.902043257,1509834.921567281,1.643258,209.06,4
661699.280284354,1509833.405796578,1.594942,197.69,4
661698.983417672,1509831.836712398,1.6370900000000002,189.03,4
661698.867198115,1509830.213426146,1.60882,182.36,4
661698.949542783,1509828.554486488,1.73475,174.71,4
661699.248936667,1509826.786254098,1.802084,166.62,4
661699.818563129,1509825.056562988,1.875072,157.15,4
661700.784409605,1509823.403065879,1.9018000000000002,144.23,5
661702.073672077,1509821.935944111,1.976844,133.73,5
661703.542446133,1509820.598996333,1.974788,129.84,5
661705.081979956,1509819.483744120,1.827784,124.11,5
661706.602915342,1509818.460568908,1.831382,124.39,5
661708.141767923,1509817.455942449,1.8761,124.71,5
661709.699559963,1509816.303926347,1.907454,127.0,5
661711.221290835,1509815.151688165,1.902828,126.03,5
661712.689043463,1509813.980679218,1.864792,127.96,5
661714.228918854,1509812.810114665,1.892034,125.76,5
661715.768226436,1509811.731738190,1.934696,127.34,5
661717.253782951,1509810.597715743,1.893062,127.43,5
661718.739112409,1509809.500568568,1.867876,126.53,5
661720.242927029,1509808.329782147,1.842176,126.1,5
661721.728143156,1509807.251072717,1.708536,126.37,5
661723.068318958,1509806.300537869,1.534804,124.38,5
661724.354062090,1509805.404982621,1.438172,129.06,5
661725.332261683,1509804.673477333,0.975572,126.4,5
661725.929999861,1509804.234640829,0.6532939999999999,126.32,5
661726.419099695,1509803.868888206,1.072204,127.4,5
661727.397185809,1509803.155820585,1.2217779999999998,126.15,4
661728.519971681,1509802.369891312,1.6941439999999999,127.85,4
661729.951437310,1509801.235536207,1.925958,126.81,4
661731.527716393,1509800.009881898,2.041094,128.35,4
661733.194262566,1509798.766345534,2.0010019999999997,128.32,4
661734.734367020,1509797.558906803,2.02259,126.59,4
661736.401027113,1509796.296933011,2.111512,127.62,4
661738.031853235,1509794.997861913,2.034926,126.54,4
661739.734234185,1509793.791423298,2.036468,127.24,5
661741.454418758,1509792.621971080,2.0313280000000002,125.99,5
661743.102708014,1509791.415199359,2.0565140000000004,125.36,4
661744.768914490,1509790.226976428,2.054458,126.86,4
661746.453492627,1509788.983551884,2.05086,125.37,4
661748.011401751,1509787.813100122,1.93264,129.74,4
661749.497415533,1509786.605328821,1.88638,131.3,4
661750.876154281,1509785.249390144,1.874044,137.6,4
661752.128905641,1509783.855798585,1.808252,141.8,4
661753.255896824,1509782.387678922,1.8539980000000003,145.6,4
661754.257241425,1509780.826593538,1.84783,146.65,4
661755.023732811,1509779.337814202,1.603166,150.78,4
661755.556052615,1509777.810715284,1.6041940000000001,167.27,4
661755.855336950,1509776.060920745,1.9043700000000001,173.83,4
661755.939616446,1509774.088541691,2.015394,182.13,4
661755.843816293,1509772.078176365,1.996376,186.99,4
661755.459411471,1509770.084470941,2.03287,194.52,4
661754.822008842,1509768.181398062,2.02002,202.95,4
661753.913577672,1509766.368846644,2.02773,210.04,4
661752.878363458,1509764.647705555,1.988152,214.05,4
661751.752654801,1509762.981321813,2.00203,215.22,4
661750.572626691,1509761.351480033,1.993292,215.79,4
661749.428205384,1509759.795610934,1.9089960000000001,215.28,4
661748.337989634,1509758.221637601,1.908482,215.19,4
661747.247887354,1509756.629226727,1.890492,216.27,4
661746.030888409,1509755.146663832,1.8817540000000001,224.52,4
661744.614074764,1509753.902567754,1.869418,233.29,4
661743.069342028,1509752.934258112,1.823158,244.13,4
661741.450555140,1509752.278943414,1.72704,252.94,4
661739.703962858,1509751.880977582,1.838578,264.02,4
661737.846914330,1509751.851097336,1.847316,274.17,4
661736.005510942,1509752.208517932,1.9100240000000002,286.82,4
661734.162403649,1509752.842502666,1.961424,291.74,4
661732.318046900,1509753.679301128,2.049318,296.04,4
661730.509183701,1509754.608509887,2.0097400000000003,297.4,4
661728.682176350,1509755.556045271,2.078616,298.93,4
661726.872972650,1509756.540567056,1.944976,301.4,4
661725.135664696,1509757.562408490,2.052402,299.9,4
661723.361386769,1509758.731528661,2.00203,300.49,4
661721.587563369,1509759.826898536,2.04572,300.43,4
661719.742526057,1509760.774323391,2.0313280000000002,292.75,4
661717.880480474,1509761.555698884,2.008198,294.12,4
661715.964683702,1509762.281428462,2.100718,290.08,4
661713.940816482,1509762.988054106,2.1423520000000003,288.56,4
661711.845280960,1509763.620485193,2.162398,286.98,4
661709.803496878,1509764.308562458,2.247208,287.64,4
661707.635952419,1509764.922111962,2.256974,286.08,4
661705.469089547,1509765.425036040,2.216882,283.38,4
661703.320143886,1509765.946508958,2.251834,281.65,4
661701.081499196,1509766.393676304,2.255432,280.31,4
661698.861453159,1509766.748766907,2.312486,277.86,4
661696.623830803,1509767.029996232,2.173706,277.69,4
661694.530681149,1509767.275239060,2.13567,275.47,4
661692.438099401,1509767.428294061,2.0909519999999997,274.59,4
661690.364116221,1509767.489272298,2.0878680000000003,270.9,4
661688.236608840,1509767.457729527,2.162398,269.01,4
661686.055350113,1509767.370540961,2.12796,267.98,4
661683.874318521,1509767.246477383,2.1495480000000002,268.33,4
661681.711204048,1509767.140962641,2.082728,267.05,5
661679.764230685,1509767.073655922,1.7938600000000002,267.4,5
661678.015594872,1509767.007570931,1.629894,267.94,5
661676.447152352,1509766.961034174,1.5743820000000002,269.42,5
661674.842648470,1509766.914275409,1.558448,266.89,5
661673.184166093,1509766.848745997,1.675126,267.85,5
661671.543487297,1509766.820202932,1.671014,270.18,5
661669.920952745,1509766.773333421,1.622698,270.05,4
661668.226522563,1509766.689144632,1.693116,265.76,4
661666.550123067,1509766.605067000,1.6617620000000002,267.51,4
661664.873950674,1509766.484114283,1.699798,265.87,4
661663.305735288,1509766.400703123,1.3358860000000001,265.52,4
661662.170256337,1509766.319957065,1.049074,266.98,4
661660.836553401,1509766.219552006,1.3513060000000001,266.04,4
661659.431068358,1509766.063390069,1.63195,265.9,4
661657.574816191,1509765.904452232,1.884838,266.81,4
661655.682048469,1509765.819042837,1.925958,265.65,4
661653.789621380,1509765.678320793,1.950116,267.2,4
661651.824617383,1509765.610905129,1.834466,268.45,4
661650.219999999,1509765.582585476,1.409388,271.03,4
661648.939707870,1509765.593139703,1.2382259999999998,268.69,4
661647.695704189,1509765.567040866,1.355418,270.7,4
661646.001046944,1509765.519728718,2.010768,271.15,4
661643.819674770,1509765.450981286,2.219452,272.35,4
661641.494057132,1509765.381345814,2.29244,268.86,4
661639.150522353,1509765.293161929,2.299636,271.48,4
661636.770812686,1509765.223193800,2.424024,269.65,4
661634.337238035,1509765.116017631,2.4636020000000003,267.91,4
661631.975672596,1509765.027723368,2.304776,266.36,4
661629.668085690,1509764.958199972,2.337672,267.92,4
661627.270345380,1509764.888121690,2.383418,268.65,4
661624.908893485,1509764.781390474,2.372624,268.74,4
661622.510812636,1509764.766625409,2.362858,268.82,4
661620.149020207,1509764.715207404,2.31557,268.16,5
661617.787114277,1509764.682227204,2.3284200000000004,269.8,5
661615.424867816,1509764.704559996,2.280618,270.89,5
661613.099136803,1509764.653364647,2.302206,272.25,5
661610.737344442,1509764.601947490,2.403464,269.01,5
661608.303202346,1509764.586961712,2.407576,270.07,5
661605.940955979,1509764.609295358,2.334588,270.1,5
661603.651286399,1509764.558322854,2.2112279999999997,268.72,5
661601.469914424,1509764.489578960,2.1659960000000003,269.99,5
661599.324830829,1509764.384182062,2.103288,266.92,5
661597.125655192,1509764.278452351,2.119736,267.03,5
661595.142734236,1509764.192492365,1.9064260000000002,267.2,4
661593.195988143,1509764.088316930,1.934182,268.0,4
661591.213294189,1509763.965482061,2.050346,267.83,4
661589.140446825,1509763.842092387,2.115624,267.85,4
661586.995136248,1509763.773571689,2.100718,268.97,4
661584.904144711,1509763.668508953,2.101232,269.79,4
661582.794782020,1509763.618648169,2.155716,268.68,4
661580.649357977,1509763.568565584,2.170622,269.4,4
661578.503820457,1509763.536920765,2.155716,270.24,4
661576.412488480,1509763.487171480,2.111512,268.75,4
661574.231003110,1509763.436867456,2.2235639999999997,268.32,4
661572.013569878,1509763.367904064,2.237956,269.0,4
661569.778332939,1509763.261954703,2.2538899999999997,268.11,4
661567.542982521,1509763.174443123,2.2245920000000003,268.17,4
661565.325662791,1509763.087042711,2.1207640000000003,267.81,4
661563.180465787,1509763.000086382,2.1259040000000002,267.84,4
661561.053299469,1509762.913241203,2.1068860000000003,268.04,4
661558.908102473,1509762.826285227,2.080158,268.43,4
661556.780936165,1509762.739440396,2.130016,267.72,4
661554.761953936,1509762.653261548,2.052916,267.25,4
661552.670848996,1509762.566638989,2.1043160000000003,269.64,4
661550.453529304,1509762.479239843,2.259544,269.45,4
661548.236096151,1509762.410278474,2.09969,268.69,4
661546.109043332,1509762.304996927,2.081186,269.58,4
661544.035742161,1509762.255361200,2.076046,268.51,4
661541.944750711,1509762.150301915,2.1140820000000002,267.68,4
661539.799894152,1509762.008034750,2.1567439999999998,266.52,4
661537.673181723,1509761.847441132,2.152632,265.22,4
661535.510634851,1509761.649750605,2.13053,265.69,4
661533.329943829,1509761.470386893,2.197864,265.51,4
661531.149593162,1509761.235710605,2.188098,263.01,4
661529.077426551,1509761.001700204,2.0745039999999997,262.12,4
661527.041321278,1509760.767911867,2.167538,263.16,4
661524.969268079,1509760.515464210,2.0076840000000002,266.94,4
661523.040666144,1509760.392967394,1.9043700000000001,268.1,4
661521.093239387,1509760.399422879,1.9552559999999999,272.79,4
661519.180172295,1509760.682664186,1.866334,282.47,4
661517.427793118,1509761.225030310,1.838578,289.49,5
661515.872163250,1509762.026743099,1.605736,307.75,4
661514.602982318,1509763.162107559,1.7733,319.13,4
661513.386078424,1509764.592806260,1.83241,323.68,4
661512.421036889,1509766.117246080,1.859138,330.64,4
661511.545127842,1509767.808178889,1.95063,336.04,4
661510.812670181,1509769.629062323,1.9845540000000002,341.37,4
661510.296126883,1509771.525027368,1.9845540000000002,348.54,4
661509.996065116,1509773.403886086,1.875586,353.04,4
661509.821764284,1509775.357271715,2.05086,357.9,4
661509.827429795,1509777.367079483,2.009226,5.0,4
661510.085638040,1509779.360002807,1.969648,9.4,4
661510.524833516,1509781.243410014,1.941892,13.01,4
661511.108160773,1509783.146142340,1.9809560000000002,15.79,4
661511.655426607,1509785.048652809,2.016936,15.95,4
661512.238640224,1509786.969822768,1.993806,17.15,4
661512.839884398,1509788.891103693,1.929556,16.55,4
661513.387830617,1509790.682988716,1.8133920000000001,16.95,4
661513.882025116,1509792.419228177,1.738348,13.49,4
661514.322354463,1509794.118259656,1.749656,14.06,4
661514.727303114,1509795.706443747,1.5404579999999999,13.63,4
661515.096871084,1509797.183780448,1.50345,14.38,4
661515.448748693,1509798.605693458,1.382146,14.18,4
