x,y,speed,heading,fix_quality,steering_angle
831933.027674,1644362.389798,0.000000,-47.570000,4,-1.100000
831933.027674,1644362.389798,0.000000,-47.570000,4,-2.200000
831933.027674,1644362.389798,0.000000,-47.570000,4,-3.303973
831933.027674,1644362.389798,0.000000,-47.570000,4,-4.403973
831933.027674,1644362.389798,0.000000,-47.570000,4,-5.504914
831933.027674,1644362.389798,0.000000,-47.570000,4,-6.513276
831933.027674,1644362.389798,0.000000,-47.570000,4,-7.360301
831933.027674,1644362.389798,0.000000,-47.570000,4,-8.071801
831933.027674,1644362.389798,0.000000,-47.570000,4,-8.669461
831933.027674,1644362.389798,0.000000,-47.570000,4,-9.171496
831933.027674,1644362.389798,0.000000,-47.570000,4,-9.593205
831933.027674,1644362.389798,0.000000,-47.570000,4,-9.947441
831933.027674,1644362.389798,0.000000,-47.570000,4,-10.244999
831933.027674,1644362.389798,0.000000,-47.570000,4,-10.494947
831933.027674,1644362.389798,0.000000,-47.570000,4,-10.704904
831933.027674,1644362.389798,0.000000,-47.570000,4,-10.881268
831933.027674,1644362.389798,0.000000,-47.570000,4,-11.029414
831933.027674,1644362.389798,0.000000,-47.570000,4,-11.153856
831933.027674,1644362.389798,0.000000,-47.570000,4,-11.258388
831933.027674,1644362.389798,0.000000,-47.570000,4,-11.346194
831933.009721,1644362.389550,0.000000,-47.570000,4,-11.379859
831933.009721,1644362.389550,0.000000,-47.570000,4,-11.408138
831933.009721,1644362.389550,0.000000,-47.570000,4,-11.431892
831933.009721,1644362.389550,0.000000,-47.570000,4,-11.451846
831933.009721,1644362.389550,0.000000,-47.570000,4,-11.468607
831933.009721,1644362.389550,0.000000,-47.570000,4,-11.482686
831933.009721,1644362.389550,0.000000,-47.570000,4,-11.494513
831933.009721,1644362.389550,0.000000,-47.570000,4,-11.504447
831933.009721,1644362.389550,0.000000,-47.570000,4,-11.512792
831933.009721,1644362.389550,0.000000,-47.570000,4,-11.519801
831933.009721,1644362.389550,0.000000,-47.570000,4,-11.525689
831933.009721,1644362.389550,0.000000,-47.570000,4,-11.530635
831933.009721,1644362.389550,0.000000,-47.570000,4,-11.534790
831933.009721,1644362.389550,0.000000,-47.570000,4,-11.538280
831933.009721,1644362.389550,0.000000,-47.570000,4,-11.541211
831933.009721,1644362.389550,0.000000,-47.570000,4,-11.543674
831933.009721,1644362.389550,0.000000,-47.570000,4,-11.545742
831933.009721,1644362.389550,0.000000,-47.570000,4,-11.547480
831933.009721,1644362.389550,0.000000,-47.570000,4,-11.548939
831933.009721,1644362.389550,0.000000,-47.570000,4,-11.550165
831933.027419,1644362.408255,0.000000,-47.570000,4,-11.602958
831933.027419,1644362.408255,0.000000,-47.570000,4,-11.647304
831933.027419,1644362.408255,0.000000,-47.570000,4,-11.684554
831933.027419,1644362.408255,0.000000,-47.570000,4,-11.715845
831933.027419,1644362.408255,0.000000,-47.570000,4,-11.742129
831933.027419,1644362.408255,0.000000,-47.570000,4,-11.764207
831933.027419,1644362.408255,0.000000,-47.570000,4,-11.782753
831933.027419,1644362.408255,0.000000,-47.570000,4,-11.798332
831933.027419,1644362.408255,0.000000,-47.570000,4,-11.811418
831933.027419,1644362.408255,0.000000,-47.570000,4,-11.822410
831933.027419,1644362.408255,0.000000,-47.570000,4,-11.831644
831933.027419,1644362.408255,0.000000,-47.570000,4,-11.839400
831933.027419,1644362.408255,0.000000,-47.570000,4,-11.845915
831933.027419,1644362.408255,0.000000,-47.570000,4,-11.851388
831933.027419,1644362.408255,0.000000,-47.570000,4,-11.855985
831933.027419,1644362.408255,0.000000,-47.570000,4,-11.859846
831933.027419,1644362.408255,0.000000,-47.570000,4,-11.863090
831933.027419,1644362.408255,0.000000,-47.570000,4,-11.865815
831933.027419,1644362.408255,0.000000,-47.570000,4,-11.868103
831933.027419,1644362.408255,0.000000,-47.570000,4,-11.870026
831933.009466,1644362.408007,0.770000,-49.900000,4,-11.502148
831933.009466,1644362.408007,0.770000,-49.900000,4,-11.193130
831933.009466,1644362.408007,0.770000,-49.900000,4,-10.933555
831933.009466,1644362.408007,0.770000,-49.900000,4,-10.715512
831933.009466,1644362.408007,0.770000,-49.900000,4,-10.532356
831933.009466,1644362.408007,0.770000,-49.900000,4,-10.378505
831933.009466,1644362.408007,0.770000,-49.900000,4,-10.249270
831933.009466,1644362.408007,0.770000,-49.900000,4,-10.140712
831933.009466,1644362.408007,0.770000,-49.900000,4,-10.049524
831933.009466,1644362.408007,0.770000,-49.900000,4,-9.972926
831933.009466,1644362.408007,0.770000,-49.900000,4,-9.908584
831933.009466,1644362.408007,0.770000,-49.900000,4,-9.854536
831933.009466,1644362.408007,0.770000,-49.900000,4,-9.809136
831933.009466,1644362.408007,0.770000,-49.900000,4,-9.771000
831933.009466,1644362.408007,0.770000,-49.900000,4,-9.738966
831933.009466,1644362.408007,0.770000,-49.900000,4,-9.712057
831933.009466,1644362.408007,0.770000,-49.900000,4,-9.689454
831933.009466,1644362.408007,0.770000,-49.900000,4,-9.670467
831933.009466,1644362.408007,0.770000,-49.900000,4,-9.654518
831933.009466,1644362.408007,0.770000,-49.900000,4,-9.641121
831933.192563,1644362.152086,0.830000,-53.130000,4,-9.353588
831933.192563,1644362.152086,0.830000,-53.130000,4,-9.112061
831933.192563,1644362.152086,0.830000,-53.130000,4,-8.909178
831933.192563,1644362.152086,0.830000,-53.130000,4,-8.738756
831933.192563,1644362.152086,0.830000,-53.130000,4,-8.595602
831933.192563,1644362.152086,0.830000,-53.130000,4,-8.475352
831933.192563,1644362.152086,0.830000,-53.130000,4,-8.374342
831933.192563,1644362.152086,0.830000,-53.130000,4,-8.289494
831933.192563,1644362.152086,0.830000,-53.130000,4,-8.218222
831933.192563,1644362.152086,0.830000,-53.130000,4,-8.158353
831933.192563,1644362.152086,0.830000,-53.130000,4,-8.108063
831933.192563,1644362.152086,0.830000,-53.130000,4,-8.065820
831933.192563,1644362.152086,0.830000,-53.130000,4,-8.030335
831933.192563,1644362.152086,0.830000,-53.130000,4,-8.000528
831933.192563,1644362.152086,0.830000,-53.130000,4,-7.975490
831933.192563,1644362.152086,0.830000,-53.130000,4,-7.954459
831933.192563,1644362.152086,0.830000,-53.130000,4,-7.936792
831933.192563,1644362.152086,0.830000,-53.130000,4,-7.921952
831933.192563,1644362.152086,0.830000,-53.130000,4,-7.909486
831933.192563,1644362.152086,0.830000,-53.130000,4,-7.899015
831933.649542,1644361.567654,0.840000,-53.070000,4,-7.632707
831933.649542,1644361.567654,0.840000,-53.070000,4,-7.409009
831933.649542,1644361.567654,0.840000,-53.070000,4,-7.221102
831933.649542,1644361.567654,0.840000,-53.070000,4,-7.063260
831933.649542,1644361.567654,0.840000,-53.070000,4,-6.930673
831933.649542,1644361.567654,0.840000,-53.070000,4,-6.819300
831933.649542,1644361.567654,0.840000,-53.070000,4,-6.725746
831933.649542,1644361.567654,0.840000,-53.070000,4,-6.647161
831933.649542,1644361.567654,0.840000,-53.070000,4,-6.581150
831933.649542,1644361.567654,0.840000,-53.070000,4,-6.525701
831933.649542,1644361.567654,0.840000,-53.070000,4,-6.479123
831933.649542,1644361.567654,0.840000,-53.070000,4,-6.439998
831933.649542,1644361.567654,0.840000,-53.070000,4,-6.407133
831933.649542,1644361.567654,0.840000,-53.070000,4,-6.379526
831933.649542,1644361.567654,0.840000,-53.070000,4,-6.356336
831933.649542,1644361.567654,0.840000,-53.070000,4,-6.336857
831933.649542,1644361.567654,0.840000,-53.070000,4,-6.320494
831933.649542,1644361.567654,0.840000,-53.070000,4,-6.306750
831933.649542,1644361.567654,0.840000,-53.070000,4,-6.295204
831933.649542,1644361.567654,0.840000,-53.070000,4,-6.285506
831934.082648,1644360.769815,0.900000,-63.220000,5,-5.735506
831934.082648,1644360.769815,0.900000,-63.220000,5,-5.182878
831934.082648,1644360.769815,0.900000,-63.220000,5,-4.628234
831934.082648,1644360.769815,0.900000,-63.220000,5,-4.071904
831934.082648,1644360.769815,0.900000,-63.220000,5,-3.521904
831934.082648,1644360.769815,0.900000,-63.220000,5,-2.971904
831934.082648,1644360.769815,0.900000,-63.220000,5,-2.405630
831934.082648,1644360.769815,0.900000,-63.220000,5,-1.855630
831934.082648,1644360.769815,0.900000,-63.220000,5,-1.305630
831934.082648,1644360.769815,0.900000,-63.220000,5,-0.755630
831934.082648,1644360.769815,0.900000,-63.220000,5,-0.182920
831934.082648,1644360.769815,0.900000,-63.220000,5,0.367080
831934.082648,1644360.769815,0.900000,-63.220000,5,0.917080
831934.082648,1644360.769815,0.900000,-63.220000,5,1.467080
831934.082648,1644360.769815,0.900000,-63.220000,5,2.019430
831934.082648,1644360.769815,0.900000,-63.220000,5,2.569430
831934.082648,1644360.769815,0.900000,-63.220000,5,3.108049
831934.082648,1644360.769815,0.900000,-63.220000,5,3.560489
831934.082648,1644360.769815,0.900000,-63.220000,5,3.940539
831934.082648,1644360.769815,0.900000,-63.220000,5,4.259780
831934.387121,1644360.142760,0.700000,-63.210000,5,4.812576
831934.387121,1644360.142760,0.700000,-63.210000,5,5.276924
831934.387121,1644360.142760,0.700000,-63.210000,5,5.666977
831934.387121,1644360.142760,0.700000,-63.210000,5,5.994621
831934.387121,1644360.142760,0.700000,-63.210000,5,6.269842
831934.387121,1644360.142760,0.700000,-63.210000,5,6.501027
831934.387121,1644360.142760,0.700000,-63.210000,5,6.695223
831934.387121,1644360.142760,0.700000,-63.210000,5,6.858348
831934.387121,1644360.142760,0.700000,-63.210000,5,6.995373
831934.387121,1644360.142760,0.700000,-63.210000,5,7.110473
831934.387121,1644360.142760,0.700000,-63.210000,5,7.207158
831934.387121,1644360.142760,0.700000,-63.210000,5,7.288373
831934.387121,1644360.142760,0.700000,-63.210000,5,7.356594
831934.387121,1644360.142760,0.700000,-63.210000,5,7.413899
831934.387121,1644360.142760,0.700000,-63.210000,5,7.462036
831934.387121,1644360.142760,0.700000,-63.210000,5,7.502470
831934.387121,1644360.142760,0.700000,-63.210000,5,7.536435
831934.387121,1644360.142760,0.700000,-63.210000,5,7.564966
831934.387121,1644360.142760,0.700000,-63.210000,5,7.588932
831934.387121,1644360.142760,0.700000,-63.210000,5,7.609063
831934.618372,1644359.544055,0.640000,-67.410000,5,8.159063
831934.618372,1644359.544055,0.640000,-67.410000,5,8.709063
831934.618372,1644359.544055,0.640000,-67.410000,5,9.265890
831934.618372,1644359.544055,0.640000,-67.410000,5,9.815890
831934.618372,1644359.544055,0.640000,-67.410000,5,10.365890
831934.618372,1644359.544055,0.640000,-67.410000,5,10.915890
831934.618372,1644359.544055,0.640000,-67.410000,5,11.468597
831934.618372,1644359.544055,0.640000,-67.410000,5,12.019324
831934.618372,1644359.544055,0.640000,-67.410000,5,12.569324
831934.618372,1644359.544055,0.640000,-67.410000,5,13.084859
831934.618372,1644359.544055,0.640000,-67.410000,5,13.517909
831934.618372,1644359.544055,0.640000,-67.410000,5,13.881671
831934.618372,1644359.544055,0.640000,-67.410000,5,14.187230
831934.618372,1644359.544055,0.640000,-67.410000,5,14.443901
831934.618372,1644359.544055,0.640000,-67.410000,5,14.659504
831934.618372,1644359.544055,0.640000,-67.410000,5,14.840610
831934.618372,1644359.544055,0.640000,-67.410000,5,14.992740
831934.618372,1644359.544055,0.640000,-67.410000,5,15.120528
831934.618372,1644359.544055,0.640000,-67.410000,5,15.227871
831934.618372,1644359.544055,0.640000,-67.410000,5,15.318039
831934.834716,1644358.893222,0.690000,-68.390000,5,15.736172
831934.834716,1644358.893222,0.690000,-68.390000,5,16.087405
831934.834716,1644358.893222,0.690000,-68.390000,5,16.382440
831934.834716,1644358.893222,0.690000,-68.390000,5,16.630270
831934.834716,1644358.893222,0.690000,-68.390000,5,16.838447
831934.834716,1644358.893222,0.690000,-68.390000,5,17.013315
831934.834716,1644358.893222,0.690000,-68.390000,5,17.160205
831934.834716,1644358.893222,0.690000,-68.390000,5,17.283592
831934.834716,1644358.893222,0.690000,-68.390000,5,17.387238
831934.834716,1644358.893222,0.690000,-68.390000,5,17.474300
831934.834716,1644358.893222,0.690000,-68.390000,5,17.547432
831934.834716,1644358.893222,0.690000,-68.390000,5,17.608863
831934.834716,1644358.893222,0.690000,-68.390000,5,17.660465
831934.834716,1644358.893222,0.690000,-68.390000,5,17.703811
831934.834716,1644358.893222,0.690000,-68.390000,5,17.740221
831934.834716,1644358.893222,0.690000,-68.390000,5,17.770806
831934.834716,1644358.893222,0.690000,-68.390000,5,17.796497
831934.834716,1644358.893222,0.690000,-68.390000,5,17.818078
831934.834716,1644358.893222,0.690000,-68.390000,5,17.836205
831934.834716,1644358.893222,0.690000,-68.390000,5,17.851432
831935.079566,1644358.256383,0.680000,-65.200000,5,18.401432
831935.079566,1644358.256383,0.680000,-65.200000,5,18.951947
831935.079566,1644358.256383,0.680000,-65.200000,5,19.502426
831935.079566,1644358.256383,0.680000,-65.200000,5,20.007487
831935.079566,1644358.256383,0.680000,-65.200000,5,20.431738
831935.079566,1644358.256383,0.680000,-65.200000,5,20.788109
831935.079566,1644358.256383,0.680000,-65.200000,5,21.087461
831935.079566,1644358.256383,0.680000,-65.200000,5,21.338916
831935.079566,1644358.256383,0.680000,-65.200000,5,21.550139
831935.079566,1644358.256383,0.680000,-65.200000,5,21.727566
831935.079566,1644358.256383,0.680000,-65.200000,5,21.876604
831935.079566,1644358.256383,0.680000,-65.200000,5,22.001797
831935.079566,1644358.256383,0.680000,-65.200000,5,22.106958
831935.079566,1644358.256383,0.680000,-65.200000,5,22.195294
831935.079566,1644358.256383,0.680000,-65.200000,5,22.269496
831935.079566,1644358.256383,0.680000,-65.200000,5,22.331826
831935.079566,1644358.256383,0.680000,-65.200000,5,22.384183
831935.079566,1644358.256383,0.680000,-65.200000,5,22.428163
831935.079566,1644358.256383,0.680000,-65.200000,5,22.465106
831935.079566,1644358.256383,0.680000,-65.200000,5,22.496138
831935.312880,1644357.758646,0.550000,-60.980000,5,21.943868
831935.312880,1644357.758646,0.550000,-60.980000,5,21.393868
831935.312880,1644357.758646,0.550000,-60.980000,5,20.841476
831935.312880,1644357.758646,0.550000,-60.980000,5,20.291476
831935.312880,1644357.758646,0.550000,-60.980000,5,19.775821
831935.312880,1644357.758646,0.550000,-60.980000,5,19.342672
831935.312880,1644357.758646,0.550000,-60.980000,5,18.978826
831935.312880,1644357.758646,0.550000,-60.980000,5,18.673195
831935.312880,1644357.758646,0.550000,-60.980000,5,18.416465
831935.312880,1644357.758646,0.550000,-60.980000,5,18.200813
831935.312880,1644357.758646,0.550000,-60.980000,5,18.019664
831935.312880,1644357.758646,0.550000,-60.980000,5,17.867499
831935.312880,1644357.758646,0.550000,-60.980000,5,17.739681
831935.312880,1644357.758646,0.550000,-60.980000,5,17.632314
831935.312880,1644357.758646,0.550000,-60.980000,5,17.542125
831935.312880,1644357.758646,0.550000,-60.980000,5,17.466367
831935.312880,1644357.758646,0.550000,-60.980000,5,17.402730
831935.312880,1644357.758646,0.550000,-60.980000,5,17.349274
831935.312880,1644357.758646,0.550000,-60.980000,5,17.304372
831935.312880,1644357.758646,0.550000,-60.980000,5,17.266654
831935.406441,1644357.582355,0.200000,-60.980000,5,17.539280
831935.406441,1644357.582355,0.200000,-60.980000,5,17.768286
831935.406441,1644357.582355,0.200000,-60.980000,5,17.960652
831935.406441,1644357.582355,0.200000,-60.980000,5,18.122238
831935.406441,1644357.582355,0.200000,-60.980000,5,18.257971
831935.406441,1644357.582355,0.200000,-60.980000,5,18.371987
831935.406441,1644357.582355,0.200000,-60.980000,5,18.467760
831935.406441,1644357.582355,0.200000,-60.980000,5,18.548209
831935.406441,1644357.582355,0.200000,-60.980000,5,18.615787
831935.406441,1644357.582355,0.200000,-60.980000,5,18.672552
831935.406441,1644357.582355,0.200000,-60.980000,5,18.720234
831935.406441,1644357.582355,0.200000,-60.980000,5,18.760288
831935.406441,1644357.582355,0.200000,-60.980000,5,18.793933
831935.406441,1644357.582355,0.200000,-60.980000,5,18.822194
831935.406441,1644357.582355,0.200000,-60.980000,5,18.845934
831935.406441,1644357.582355,0.200000,-60.980000,5,18.865876
831935.406441,1644357.582355,0.200000,-60.980000,5,18.882626
831935.406441,1644357.582355,0.200000,-60.980000,5,18.896697
831935.406441,1644357.582355,0.200000,-60.980000,5,18.908517
831935.406441,1644357.582355,0.200000,-60.980000,5,18.918445
831935.406441,1644357.582355,0.200000,-60.980000,5,18.926785
831935.406441,1644357.582355,0.200000,-60.980000,5,18.933790
831935.406441,1644357.582355,0.200000,-60.980000,5,18.939675
831935.406441,1644357.582355,0.200000,-60.980000,5,18.944618
831935.406441,1644357.582355,0.200000,-60.980000,5,18.948770
831935.406441,1644357.582355,0.200000,-60.980000,5,18.952257
831935.406441,1644357.582355,0.200000,-60.980000,5,18.955187
831935.406441,1644357.582355,0.200000,-60.980000,5,18.957648
831935.406441,1644357.582355,0.200000,-60.980000,5,18.959715
831935.406441,1644357.582355,0.200000,-60.980000,5,18.961452
831935.406441,1644357.582355,0.200000,-60.980000,5,18.962911
831935.406441,1644357.582355,0.200000,-60.980000,5,18.964136
831935.406441,1644357.582355,0.200000,-60.980000,5,18.965165
831935.406441,1644357.582355,0.200000,-60.980000,5,18.966030
831935.406441,1644357.582355,0.200000,-60.980000,5,18.966756
831935.406441,1644357.582355,0.200000,-60.980000,5,18.967366
831935.406441,1644357.582355,0.200000,-60.980000,5,18.967878
831935.406441,1644357.582355,0.200000,-60.980000,5,18.968309
831935.406441,1644357.582355,0.200000,-60.980000,5,18.968670
831935.406441,1644357.582355,0.200000,-60.980000,5,18.968974
831935.406441,1644357.582355,0.000000,-60.980000,5,18.969229
831935.406441,1644357.582355,0.000000,-60.980000,5,18.969443
831935.406441,1644357.582355,0.000000,-60.980000,5,18.969623
831935.406441,1644357.582355,0.000000,-60.980000,5,18.969774
831935.406441,1644357.582355,0.000000,-60.980000,5,18.969901
831935.406441,1644357.582355,0.000000,-60.980000,5,18.970008
831935.406441,1644357.582355,0.000000,-60.980000,5,18.970098
831935.406441,1644357.582355,0.000000,-60.980000,5,18.970173
831935.406441,1644357.582355,0.000000,-60.980000,5,18.970236
831935.406441,1644357.582355,0.000000,-60.980000,5,18.970289
831935.406441,1644357.582355,0.000000,-60.980000,5,18.970334
831935.406441,1644357.582355,0.000000,-60.980000,5,18.970372
831935.406441,1644357.582355,0.000000,-60.980000,5,18.970403
831935.406441,1644357.582355,0.000000,-60.980000,5,18.970429
831935.406441,1644357.582355,0.000000,-60.980000,5,18.970452
831935.406441,1644357.582355,0.000000,-60.980000,5,18.970470
831935.406441,1644357.582355,0.000000,-60.980000,5,18.970486
831935.406441,1644357.582355,0.000000,-60.980000,5,18.970499
831935.406441,1644357.582355,0.000000,-60.980000,5,18.970510
831935.406441,1644357.582355,0.000000,-60.980000,5,18.970520
831935.406441,1644357.582355,0.000000,-60.980000,5,18.970527
831935.406441,1644357.582355,0.000000,-60.980000,5,18.970534
831935.406441,1644357.582355,0.000000,-60.980000,5,18.970539
831935.406441,1644357.582355,0.000000,-60.980000,5,18.970544
831935.406441,1644357.582355,0.000000,-60.980000,5,18.970548
831935.406441,1644357.582355,0.000000,-60.980000,5,18.970551
831935.406441,1644357.582355,0.000000,-60.980000,5,18.970554
831935.406441,1644357.582355,0.000000,-60.980000,5,18.970556
831935.406441,1644357.582355,0.000000,-60.980000,5,18.970558
831935.406441,1644357.582355,0.000000,-60.980000,5,18.970560
831935.406441,1644357.582355,0.000000,-60.980000,5,18.970561
831935.406441,1644357.582355,0.000000,-60.980000,5,18.970562
831935.406441,1644357.582355,0.000000,-60.980000,5,18.970563
831935.406441,1644357.582355,0.000000,-60.980000,5,18.970564
831935.406441,1644357.582355,0.000000,-60.980000,5,18.970565
831935.406441,1644357.582355,0.000000,-60.980000,5,18.970565
831935.406441,1644357.582355,0.000000,-60.980000,5,18.970566
831935.406441,1644357.582355,0.000000,-60.980000,5,18.970566
831935.406441,1644357.582355,0.000000,-60.980000,5,18.970567
831935.406441,1644357.582355,0.000000,-60.980000,5,18.970567
831935.406441,1644357.582355,0.000000,-60.980000,5,18.970567
831935.406441,1644357.582355,0.000000,-60.980000,5,18.970567
831935.406441,1644357.582355,0.000000,-60.980000,5,18.970567
831935.406441,1644357.582355,0.000000,-60.980000,5,18.970568
831935.406441,1644357.582355,0.000000,-60.980000,5,18.970568
831935.406441,1644357.582355,0.000000,-60.980000,5,18.970568
831935.406441,1644357.582355,0.000000,-60.980000,5,18.970568
831935.406441,1644357.582355,0.000000,-60.980000,5,18.970568
831935.406441,1644357.582355,0.000000,-60.980000,5,18.970568
831935.406441,1644357.582355,0.000000,-60.980000,5,18.970568
831935.406441,1644357.582355,0.000000,-60.980000,5,18.970568
831935.406441,1644357.582355,0.000000,-60.980000,5,18.970568
831935.406441,1644357.582355,0.000000,-60.980000,5,18.970568
831935.406441,1644357.582355,0.000000,-60.980000,5,18.970568
831935.406441,1644357.582355,0.000000,-60.980000,5,18.970568
831935.406441,1644357.582355,0.000000,-60.980000,5,18.970568
831935.406441,1644357.582355,0.000000,-60.980000,5,18.970568
831935.406441,1644357.582355,0.000000,-60.980000,5,18.970568
831935.406441,1644357.582355,0.000000,-60.980000,5,18.970568
831935.406441,1644357.582355,0.000000,-60.980000,5,18.970568
831935.406441,1644357.582355,0.000000,-60.980000,5,18.970568
831935.406441,1644357.582355,0.000000,-60.980000,5,18.970568
831935.406441,1644357.582355,0.000000,-60.980000,5,18.970568
831935.406441,1644357.582355,0.000000,-60.980000,5,18.970568
831935.406441,1644357.582355,0.000000,-60.980000,5,18.970568
831935.406441,1644357.582355,0.000000,-60.980000,5,18.970568
831935.406441,1644357.582355,0.000000,-60.980000,5,18.970568
831935.406441,1644357.582355,0.000000,-60.980000,5,18.970568
831935.406441,1644357.582355,0.000000,-60.980000,5,18.970568
831935.406441,1644357.582355,0.000000,-60.980000,5,18.970568
831935.406441,1644357.582355,0.000000,-60.980000,5,18.970568
831935.406441,1644357.582355,0.000000,-60.980000,5,18.970568
831935.406441,1644357.582355,0.000000,-60.980000,5,18.970568
831935.406441,1644357.582355,0.000000,-60.980000,5,18.970568
831935.406441,1644357.582355,0.000000,-60.980000,5,18.970568
831935.406441,1644357.582355,0.000000,-60.980000,5,18.970568
831935.406441,1644357.582355,0.000000,-60.980000,5,18.970568
831935.406441,1644357.582355,0.000000,-60.980000,5,18.970568
831935.406441,1644357.582355,0.000000,-60.980000,5,18.970568
831935.406441,1644357.582355,0.000000,-60.980000,5,18.970568
831935.406441,1644357.582355,0.000000,-60.980000,5,18.970568
831935.406441,1644357.582355,0.000000,-60.980000,5,18.970568
831935.406441,1644357.582355,0.000000,-60.980000,5,18.970568
831935.406441,1644357.582355,0.000000,-60.980000,5,18.970568
831935.406441,1644357.582355,0.000000,-60.980000,5,18.970568
831935.406441,1644357.582355,0.000000,-60.980000,5,18.970568
831935.406441,1644357.582355,0.000000,-60.980000,5,18.970568
831935.406441,1644357.582355,0.000000,-60.980000,5,18.970568
831935.406441,1644357.582355,0.000000,-60.980000,5,18.970568
831935.406441,1644357.582355,0.000000,-60.980000,5,18.970568
831935.406441,1644357.582355,0.000000,-60.980000,5,18.970568
831935.406441,1644357.582355,0.000000,-60.980000,5,18.970568
831935.406441,1644357.582355,0.000000,-60.980000,5,18.970568
831935.406441,1644357.582355,0.000000,-60.980000,5,18.970568
831935.406441,1644357.582355,0.000000,-60.980000,5,18.970568
831935.406441,1644357.582355,0.000000,-60.980000,5,18.970568
831935.406441,1644357.582355,0.000000,-60.980000,5,18.970568
831935.406441,1644357.582355,0.000000,-60.980000,5,18.970568
831935.406441,1644357.582355,0.000000,-60.980000,5,18.970568
831935.406441,1644357.582355,0.000000,-60.980000,5,18.970568
831935.406441,1644357.582355,0.000000,-60.980000,5,18.970568
831935.406441,1644357.582355,0.000000,-60.980000,5,18.970568
831935.406441,1644357.582355,0.000000,-60.980000,5,18.970568
831935.406441,1644357.582355,0.000000,-60.980000,5,18.970568
831935.406441,1644357.582355,0.000000,-60.980000,5,18.970568
831935.406441,1644357.582355,0.000000,-60.980000,5,18.970568
831935.406441,1644357.582355,0.000000,-60.980000,5,18.970568
831935.406441,1644357.582355,0.000000,-60.980000,5,18.970568
831935.406441,1644357.582355,0.000000,-60.980000,5,18.970568
831935.406441,1644357.582355,0.000000,-60.980000,5,18.970568
831935.406441,1644357.582355,0.000000,-60.980000,5,18.970568
831935.406441,1644357.582355,0.000000,-60.980000,5,18.970568
831935.406441,1644357.582355,0.000000,-60.980000,5,18.970568
831935.406441,1644357.582355,0.000000,-60.980000,5,18.970568
831935.406441,1644357.582355,0.000000,-60.980000,5,18.970568
831935.406441,1644357.582355,0.000000,-60.980000,5,18.970568
831935.406441,1644357.582355,0.000000,-60.980000,5,18.970568
831935.406441,1644357.582355,0.000000,-60.980000,5,18.970568
831935.406441,1644357.582355,0.000000,-60.980000,5,18.970568
831935.406441,1644357.582355,0.000000,-60.980000,5,18.970568
831935.406441,1644357.582355,0.000000,-60.980000,5,18.970568
831935.406441,1644357.582355,0.000000,-60.980000,5,18.970568
831935.406441,1644357.582355,0.000000,-60.980000,5,18.970568
831935.406441,1644357.582355,0.000000,-60.980000,5,18.970568
831935.406441,1644357.582355,0.000000,-60.980000,5,18.970568
831935.406441,1644357.582355,0.000000,-60.980000,5,18.970568
831935.406441,1644357.582355,0.000000,-60.980000,5,18.970568
831935.406441,1644357.582355,0.000000,-60.980000,5,18.970568
831935.406441,1644357.582355,0.000000,-60.980000,5,18.970568
831935.406441,1644357.582355,0.000000,-60.980000,5,18.970568
831935.406441,1644357.582355,0.000000,-60.980000,5,18.970568
831935.406441,1644357.582355,0.000000,-60.980000,5,18.970568
831935.406441,1644357.582355,0.000000,-60.980000,5,18.970568
831935.406441,1644357.582355,0.000000,-60.980000,5,18.970568
831935.406441,1644357.582355,0.000000,-60.980000,5,18.970568
831935.406441,1644357.582355,0.000000,-60.980000,5,18.970568
831935.406441,1644357.582355,0.000000,-60.980000,5,18.970568
831935.406441,1644357.582355,0.000000,-60.980000,5,18.970568
831935.406441,1644357.582355,0.000000,-60.980000,5,18.970568
831935.406441,1644357.582355,0.000000,-60.980000,5,18.970568
831935.454101,1644357.494318,0.100000,-60.980000,5,19.138098
831935.454101,1644357.494318,0.100000,-60.980000,5,19.278822
831935.454101,1644357.494318,0.100000,-60.980000,5,19.397031
831935.454101,1644357.494318,0.100000,-60.980000,5,19.496326
831935.454101,1644357.494318,0.100000,-60.980000,5,19.579734
831935.454101,1644357.494318,0.100000,-60.980000,5,19.649797
831935.454101,1644357.494318,0.100000,-60.980000,5,19.708649
831935.454101,1644357.494318,0.100000,-60.980000,5,19.758086
831935.454101,1644357.494318,0.100000,-60.980000,5,19.799612
831935.454101,1644357.494318,0.100000,-60.980000,5,19.834494
831935.454101,1644357.494318,0.100000,-60.980000,5,19.863795
831935.454101,1644357.494318,0.100000,-60.980000,5,19.888408
831935.454101,1644357.494318,0.100000,-60.980000,5,19.909083
831935.454101,1644357.494318,0.100000,-60.980000,5,19.926450
831935.454101,1644357.494318,0.100000,-60.980000,5,19.941038
831935.454101,1644357.494318,0.100000,-60.980000,5,19.953292
831935.454101,1644357.494318,0.100000,-60.980000,5,19.963586
831935.454101,1644357.494318,0.100000,-60.980000,5,19.972232
831935.454101,1644357.494318,0.100000,-60.980000,5,19.979495
831935.454101,1644357.494318,0.100000,-60.980000,5,19.985596
831935.736353,1644357.147506,0.450000,-48.070000,5,19.417172
831935.736353,1644357.147506,0.450000,-48.070000,5,18.867172
831935.736353,1644357.147506,0.450000,-48.070000,5,18.312977
831935.736353,1644357.147506,0.450000,-48.070000,5,17.762977
831935.736353,1644357.147506,0.450000,-48.070000,5,17.212977
831935.736353,1644357.147506,0.450000,-48.070000,5,16.662977
831935.736353,1644357.147506,0.450000,-48.070000,5,16.097492
831935.736353,1644357.147506,0.450000,-48.070000,5,15.545524
831935.736353,1644357.147506,0.450000,-48.070000,5,14.995524
831935.736353,1644357.147506,0.450000,-48.070000,5,14.445524
831935.736353,1644357.147506,0.450000,-48.070000,5,13.895524
831935.736353,1644357.147506,0.450000,-48.070000,5,13.331194
831935.736353,1644357.147506,0.450000,-48.070000,5,12.781194
831935.736353,1644357.147506,0.450000,-48.070000,5,12.217617
831935.736353,1644357.147506,0.450000,-48.070000,5,11.667617
831935.736353,1644357.147506,0.450000,-48.070000,5,11.114717
831935.736353,1644357.147506,0.450000,-48.070000,5,10.564717
831935.736353,1644357.147506,0.450000,-48.070000,5,10.014717
831935.736353,1644357.147506,0.450000,-48.070000,5,9.455201
831935.736353,1644357.147506,0.450000,-48.070000,5,8.905201
831936.075287,1644356.815774,0.470000,-43.110000,5,8.355201
831936.075287,1644356.815774,0.470000,-43.110000,5,7.803398
831936.075287,1644356.815774,0.470000,-43.110000,5,7.252811
831936.075287,1644356.815774,0.470000,-43.110000,5,6.702678
831936.075287,1644356.815774,0.470000,-43.110000,5,6.151665
831936.075287,1644356.815774,0.470000,-43.110000,5,5.601665
831936.075287,1644356.815774,0.470000,-43.110000,5,5.048414
831936.075287,1644356.815774,0.470000,-43.110000,5,4.466427
831936.075287,1644356.815774,0.470000,-43.110000,5,3.919451
831936.075287,1644356.815774,0.470000,-43.110000,5,3.459991
831936.075287,1644356.815774,0.470000,-43.110000,5,3.074045
831936.075287,1644356.815774,0.470000,-43.110000,5,2.749850
831936.075287,1644356.815774,0.470000,-43.110000,5,2.477526
831936.075287,1644356.815774,0.470000,-43.110000,5,2.248774
831936.075287,1644356.815774,0.470000,-43.110000,5,2.056623
831936.075287,1644356.815774,0.470000,-43.110000,5,1.895215
831936.075287,1644356.815774,0.470000,-43.110000,5,1.759633
831936.075287,1644356.815774,0.470000,-43.110000,5,1.645744
831936.075287,1644356.815774,0.470000,-43.110000,5,1.550078
831936.075287,1644356.815774,0.470000,-43.110000,5,1.469717
831936.378973,1644356.407845,0.510000,-53.110000,5,2.020049
831936.378973,1644356.407845,0.510000,-53.110000,5,2.570049
831936.378973,1644356.407845,0.510000,-53.110000,5,3.121955
831936.378973,1644356.407845,0.510000,-53.110000,5,3.672582
831936.378973,1644356.407845,0.510000,-53.110000,5,4.222582
831936.378973,1644356.407845,0.510000,-53.110000,5,4.774722
831936.378973,1644356.407845,0.510000,-53.110000,5,5.324722
831936.378973,1644356.407845,0.510000,-53.110000,5,5.853368
831936.378973,1644356.407845,0.510000,-53.110000,5,6.297431
831936.378973,1644356.407845,0.510000,-53.110000,5,6.670443
831936.378973,1644356.407845,0.510000,-53.110000,5,6.983774
831936.378973,1644356.407845,0.510000,-53.110000,5,7.246972
831936.378973,1644356.407845,0.510000,-53.110000,5,7.468058
831936.378973,1644356.407845,0.510000,-53.110000,5,7.653770
831936.378973,1644356.407845,0.510000,-53.110000,5,7.809768
831936.378973,1644356.407845,0.510000,-53.110000,5,7.940807
831936.378973,1644356.407845,0.510000,-53.110000,5,8.050879
831936.378973,1644356.407845,0.510000,-53.110000,5,8.143340
831936.378973,1644356.407845,0.510000,-53.110000,5,8.221007
831936.378973,1644356.407845,0.510000,-53.110000,5,8.286248
831936.681574,1644355.985036,0.520000,-53.110000,5,8.825731
831936.681574,1644355.985036,0.520000,-53.110000,5,9.278897
831936.681574,1644355.985036,0.520000,-53.110000,5,9.659556
831936.681574,1644355.985036,0.520000,-53.110000,5,9.979310
831936.681574,1644355.985036,0.520000,-53.110000,5,10.247903
831936.681574,1644355.985036,0.520000,-53.110000,5,10.473522
831936.681574,1644355.985036,0.520000,-53.110000,5,10.663041
831936.681574,1644355.985036,0.520000,-53.110000,5,10.822237
831936.681574,1644355.985036,0.520000,-53.110000,5,10.955962
831936.681574,1644355.985036,0.520000,-53.110000,5,11.068291
831936.681574,1644355.985036,0.520000,-53.110000,5,11.162647
831936.681574,1644355.985036,0.520000,-53.110000,5,11.241907
831936.681574,1644355.985036,0.520000,-53.110000,5,11.308484
831936.681574,1644355.985036,0.520000,-53.110000,5,11.364410
831936.681574,1644355.985036,0.520000,-53.110000,5,11.411387
831936.681574,1644355.985036,0.520000,-53.110000,5,11.450848
831936.681574,1644355.985036,0.520000,-53.110000,5,11.483995
831936.681574,1644355.985036,0.520000,-53.110000,5,11.511839
831936.681574,1644355.985036,0.520000,-53.110000,5,11.535227
831936.681574,1644355.985036,0.520000,-53.110000,5,11.554874
831937.095556,1644355.613313,0.560000,-39.970000,5,10.992648
831937.095556,1644355.613313,0.560000,-39.970000,5,10.442648
831937.095556,1644355.613313,0.560000,-39.970000,5,9.890898
831937.095556,1644355.613313,0.560000,-39.970000,5,9.340898
831937.095556,1644355.613313,0.560000,-39.970000,5,8.790898
831937.095556,1644355.613313,0.560000,-39.970000,5,8.240898
831937.095556,1644355.613313,0.560000,-39.970000,5,7.690246
831937.095556,1644355.613313,0.560000,-39.970000,5,7.138322
831937.095556,1644355.613313,0.560000,-39.970000,5,6.588322
831937.095556,1644355.613313,0.560000,-39.970000,5,6.038322
831937.095556,1644355.613313,0.560000,-39.970000,5,5.487983
831937.095556,1644355.613313,0.560000,-39.970000,5,4.933073
831937.095556,1644355.613313,0.560000,-39.970000,5,4.383073
831937.095556,1644355.613313,0.560000,-39.970000,5,3.833073
831937.095556,1644355.613313,0.560000,-39.970000,5,3.281275
831937.095556,1644355.613313,0.560000,-39.970000,5,2.729532
831937.095556,1644355.613313,0.560000,-39.970000,5,2.179532
831937.095556,1644355.613313,0.560000,-39.970000,5,1.629532
831937.095556,1644355.613313,0.560000,-39.970000,5,1.076863
831937.095556,1644355.613313,0.560000,-39.970000,5,0.525280
831937.534047,1644355.224793,0.580000,-41.450000,5,-0.024720
831937.534047,1644355.224793,0.580000,-41.450000,5,-0.578074
831937.534047,1644355.224793,0.580000,-41.450000,5,-1.060847
831937.534047,1644355.224793,0.580000,-41.450000,5,-1.466376
831937.534047,1644355.224793,0.580000,-41.450000,5,-1.807020
831937.534047,1644355.224793,0.580000,-41.450000,5,-2.093161
831937.534047,1644355.224793,0.580000,-41.450000,5,-2.333520
831937.534047,1644355.224793,0.580000,-41.450000,5,-2.535421
831937.534047,1644355.224793,0.580000,-41.450000,5,-2.705019
831937.534047,1644355.224793,0.580000,-41.450000,5,-2.847480
831937.534047,1644355.224793,0.580000,-41.450000,5,-2.967148
831937.534047,1644355.224793,0.580000,-41.450000,5,-3.067669
831937.534047,1644355.224793,0.580000,-41.450000,5,-3.152106
831937.534047,1644355.224793,0.580000,-41.450000,5,-3.223034
831937.534047,1644355.224793,0.580000,-41.450000,5,-3.282613
831937.534047,1644355.224793,0.580000,-41.450000,5,-3.332659
831937.534047,1644355.224793,0.580000,-41.450000,5,-3.374698
831937.534047,1644355.224793,0.580000,-41.450000,5,-3.410011
831937.534047,1644355.224793,0.580000,-41.450000,5,-3.439674
831937.534047,1644355.224793,0.580000,-41.450000,5,-3.464591
831938.001015,1644354.820316,0.620000,-41.540000,5,-3.834133
831938.001015,1644354.820316,0.620000,-41.540000,5,-4.144549
831938.001015,1644354.820316,0.620000,-41.540000,5,-4.405299
831938.001015,1644354.820316,0.620000,-41.540000,5,-4.624328
831938.001015,1644354.820316,0.620000,-41.540000,5,-4.808313
831938.001015,1644354.820316,0.620000,-41.540000,5,-4.962860
831938.001015,1644354.820316,0.620000,-41.540000,5,-5.092680
831938.001015,1644354.820316,0.620000,-41.540000,5,-5.201729
831938.001015,1644354.820316,0.620000,-41.540000,5,-5.293329
831938.001015,1644354.820316,0.620000,-41.540000,5,-5.370274
831938.001015,1644354.820316,0.620000,-41.540000,5,-5.434907
831938.001015,1644354.820316,0.620000,-41.540000,5,-5.489200
831938.001015,1644354.820316,0.620000,-41.540000,5,-5.534805
831938.001015,1644354.820316,0.620000,-41.540000,5,-5.573113
831938.001015,1644354.820316,0.620000,-41.540000,5,-5.605293
831938.001015,1644354.820316,0.620000,-41.540000,5,-5.632323
831938.001015,1644354.820316,0.620000,-41.540000,5,-5.655029
831938.001015,1644354.820316,0.620000,-41.540000,5,-5.674101
831938.001015,1644354.820316,0.620000,-41.540000,5,-5.690123
831938.001015,1644354.820316,0.620000,-41.540000,5,-5.703580
831938.456826,1644354.400468,0.620000,-43.710000,5,-5.601707
831938.456826,1644354.400468,0.620000,-43.710000,5,-5.516133
831938.456826,1644354.400468,0.620000,-43.710000,5,-5.444251
831938.456826,1644354.400468,0.620000,-43.710000,5,-5.383870
831938.456826,1644354.400468,0.620000,-43.710000,5,-5.333150
831938.456826,1644354.400468,0.620000,-43.710000,5,-5.290545
831938.456826,1644354.400468,0.620000,-43.710000,5,-5.254757
831938.456826,1644354.400468,0.620000,-43.710000,5,-5.224695
831938.456826,1644354.400468,0.620000,-43.710000,5,-5.199443
831938.456826,1644354.400468,0.620000,-43.710000,5,-5.178231
831938.456826,1644354.400468,0.620000,-43.710000,5,-5.160413
831938.456826,1644354.400468,0.620000,-43.710000,5,-5.145446
831938.456826,1644354.400468,0.620000,-43.710000,5,-5.132874
831938.456826,1644354.400468,0.620000,-43.710000,5,-5.122313
831938.456826,1644354.400468,0.620000,-43.710000,5,-5.113442
831938.456826,1644354.400468,0.620000,-43.710000,5,-5.105991
831938.456826,1644354.400468,0.620000,-43.710000,5,-5.099731
831938.456826,1644354.400468,0.620000,-43.710000,5,-5.094473
831938.456826,1644354.400468,0.620000,-43.710000,5,-5.090057
831938.456826,1644354.400468,0.620000,-43.710000,5,-5.086347
831938.928797,1644353.968694,0.640000,-43.430000,5,-5.513265
831938.928797,1644353.968694,0.640000,-43.430000,5,-5.871876
831938.928797,1644353.968694,0.640000,-43.430000,5,-6.173110
831938.928797,1644353.968694,0.640000,-43.430000,5,-6.426146
831938.928797,1644353.968694,0.640000,-43.430000,5,-6.638696
831938.928797,1644353.968694,0.640000,-43.430000,5,-6.817238
831938.928797,1644353.968694,0.640000,-43.430000,5,-6.967214
831938.928797,1644353.968694,0.640000,-43.430000,5,-7.093193
831938.928797,1644353.968694,0.640000,-43.430000,5,-7.199016
831938.928797,1644353.968694,0.640000,-43.430000,5,-7.287907
831938.928797,1644353.968694,0.640000,-43.430000,5,-7.362575
831938.928797,1644353.968694,0.640000,-43.430000,5,-7.425297
831938.928797,1644353.968694,0.640000,-43.430000,5,-7.477983
831938.928797,1644353.968694,0.640000,-43.430000,5,-7.522239
831938.928797,1644353.968694,0.640000,-43.430000,5,-7.559414
831938.928797,1644353.968694,0.640000,-43.430000,5,-7.590642
831938.928797,1644353.968694,0.640000,-43.430000,5,-7.616873
831938.928797,1644353.968694,0.640000,-43.430000,5,-7.638907
831938.928797,1644353.968694,0.640000,-43.430000,5,-7.657415
831938.928797,1644353.968694,0.640000,-43.430000,5,-7.672962
831939.378883,1644353.471955,0.670000,-49.370000,5,-7.122962
831939.378883,1644353.471955,0.670000,-49.370000,5,-6.572962
831939.378883,1644353.471955,0.670000,-49.370000,5,-6.020938
831939.378883,1644353.471955,0.670000,-49.370000,5,-5.470421
831939.378883,1644353.471955,0.670000,-49.370000,5,-4.989288
831939.378883,1644353.471955,0.670000,-49.370000,5,-4.585135
831939.378883,1644353.471955,0.670000,-49.370000,5,-4.245647
831939.378883,1644353.471955,0.670000,-49.370000,5,-3.960477
831939.378883,1644353.471955,0.670000,-49.370000,5,-3.720935
831939.378883,1644353.471955,0.670000,-49.370000,5,-3.519719
831939.378883,1644353.471955,0.670000,-49.370000,5,-3.350697
831939.378883,1644353.471955,0.670000,-49.370000,5,-3.208719
831939.378883,1644353.471955,0.670000,-49.370000,5,-3.089458
831939.378883,1644353.471955,0.670000,-49.370000,5,-2.989278
831939.378883,1644353.471955,0.670000,-49.370000,5,-2.905127
831939.378883,1644353.471955,0.670000,-49.370000,5,-2.834441
831939.378883,1644353.471955,0.670000,-49.370000,5,-2.775064
831939.378883,1644353.471955,0.670000,-49.370000,5,-2.725187
831939.378883,1644353.471955,0.670000,-49.370000,5,-2.683291
831939.378883,1644353.471955,0.670000,-49.370000,5,-2.648098
831939.826104,1644352.941994,0.690000,-50.390000,5,-2.503640
831939.826104,1644352.941994,0.690000,-50.390000,5,-2.382296
831939.826104,1644352.941994,0.690000,-50.390000,5,-2.280367
831939.826104,1644352.941994,0.690000,-50.390000,5,-2.194746
831939.826104,1644352.941994,0.690000,-50.390000,5,-2.122825
831939.826104,1644352.941994,0.690000,-50.390000,5,-2.062411
831939.826104,1644352.941994,0.690000,-50.390000,5,-2.011663
831939.826104,1644352.941994,0.690000,-50.390000,5,-1.969035
831939.826104,1644352.941994,0.690000,-50.390000,5,-1.933228
831939.826104,1644352.941994,0.690000,-50.390000,5,-1.903150
831939.826104,1644352.941994,0.690000,-50.390000,5,-1.877884
831939.826104,1644352.941994,0.690000,-50.390000,5,-1.856660
831939.826104,1644352.941994,0.690000,-50.390000,5,-1.838833
831939.826104,1644352.941994,0.690000,-50.390000,5,-1.823858
831939.826104,1644352.941994,0.690000,-50.390000,5,-1.811279
831939.826104,1644352.941994,0.690000,-50.390000,5,-1.800712
831939.826104,1644352.941994,0.690000,-50.390000,5,-1.791836
831939.826104,1644352.941994,0.690000,-50.390000,5,-1.784381
831939.826104,1644352.941994,0.690000,-50.390000,5,-1.778118
831939.826104,1644352.941994,0.690000,-50.390000,5,-1.772857
831940.326250,1644352.442638,0.710000,-45.330000,5,-2.322857
831940.326250,1644352.442638,0.710000,-45.330000,5,-2.880709
831940.326250,1644352.442638,0.710000,-45.330000,5,-3.430709
831940.326250,1644352.442638,0.710000,-45.330000,5,-3.981161
831940.326250,1644352.442638,0.710000,-45.330000,5,-4.531441
831940.326250,1644352.442638,0.710000,-45.330000,5,-5.081441
831940.326250,1644352.442638,0.710000,-45.330000,5,-5.632210
831940.326250,1644352.442638,0.710000,-45.330000,5,-6.182266
831940.326250,1644352.442638,0.710000,-45.330000,5,-6.644312
831940.326250,1644352.442638,0.710000,-45.330000,5,-7.032431
831940.326250,1644352.442638,0.710000,-45.330000,5,-7.358451
831940.326250,1644352.442638,0.710000,-45.330000,5,-7.632308
831940.326250,1644352.442638,0.710000,-45.330000,5,-7.862348
831940.326250,1644352.442638,0.710000,-45.330000,5,-8.055581
831940.326250,1644352.442638,0.710000,-45.330000,5,-8.217897
831940.326250,1644352.442638,0.710000,-45.330000,5,-8.354243
831940.326250,1644352.442638,0.710000,-45.330000,5,-8.468773
831940.326250,1644352.442638,0.710000,-45.330000,5,-8.564978
831940.326250,1644352.442638,0.710000,-45.330000,5,-8.645791
831940.326250,1644352.442638,0.710000,-45.330000,5,-8.713673
831940.808398,1644351.880830,0.740000,-51.310000,5,-8.163673
831940.808398,1644351.880830,0.740000,-51.310000,5,-7.613673
831940.808398,1644351.880830,0.740000,-51.310000,5,-7.062440
831940.808398,1644351.880830,0.740000,-51.310000,5,-6.510233
831940.808398,1644351.880830,0.740000,-51.310000,5,-5.982240
831940.808398,1644351.880830,0.740000,-51.310000,5,-5.538727
831940.808398,1644351.880830,0.740000,-51.310000,5,-5.166175
831940.808398,1644351.880830,0.740000,-51.310000,5,-4.853232
831940.808398,1644351.880830,0.740000,-51.310000,5,-4.590360
831940.808398,1644351.880830,0.740000,-51.310000,5,-4.369547
831940.808398,1644351.880830,0.740000,-51.310000,5,-4.184064
831940.808398,1644351.880830,0.740000,-51.310000,5,-4.028259
831940.808398,1644351.880830,0.740000,-51.310000,5,-3.897382
831940.808398,1644351.880830,0.740000,-51.310000,5,-3.787446
831940.808398,1644351.880830,0.740000,-51.310000,5,-3.695099
831940.808398,1644351.880830,0.740000,-51.310000,5,-3.617528
831940.808398,1644351.880830,0.740000,-51.310000,5,-3.552368
831940.808398,1644351.880830,0.740000,-51.310000,5,-3.497634
831940.808398,1644351.880830,0.740000,-51.310000,5,-3.451657
831940.808398,1644351.880830,0.740000,-51.310000,5,-3.413037
831941.255924,1644351.296193,0.740000,-53.320000,5,-3.049418
831941.255924,1644351.296193,0.740000,-53.320000,5,-2.743978
831941.255924,1644351.296193,0.740000,-53.320000,5,-2.487409
831941.255924,1644351.296193,0.740000,-53.320000,5,-2.271890
831941.255924,1644351.296193,0.740000,-53.320000,5,-2.090855
831941.255924,1644351.296193,0.740000,-53.320000,5,-1.938785
831941.255924,1644351.296193,0.740000,-53.320000,5,-1.811047
831941.255924,1644351.296193,0.740000,-53.320000,5,-1.703746
831941.255924,1644351.296193,0.740000,-53.320000,5,-1.613614
831941.255924,1644351.296193,0.740000,-53.320000,5,-1.537903
831941.255924,1644351.296193,0.740000,-53.320000,5,-1.474305
831941.255924,1644351.296193,0.740000,-53.320000,5,-1.420883
831941.255924,1644351.296193,0.740000,-53.320000,5,-1.376009
831941.255924,1644351.296193,0.740000,-53.320000,5,-1.338315
831941.255924,1644351.296193,0.740000,-53.320000,5,-1.306651
831941.255924,1644351.296193,0.740000,-53.320000,5,-1.280054
831941.255924,1644351.296193,0.740000,-53.320000,5,-1.257712
831941.255924,1644351.296193,0.740000,-53.320000,5,-1.238945
831941.255924,1644351.296193,0.740000,-53.320000,5,-1.223181
831941.255924,1644351.296193,0.740000,-53.320000,5,-1.209939
831941.709480,1644350.693936,0.750000,-53.290000,5,-1.168572
831941.709480,1644350.693936,0.750000,-53.290000,5,-1.133824
831941.709480,1644350.693936,0.750000,-53.290000,5,-1.104636
831941.709480,1644350.693936,0.750000,-53.290000,5,-1.080117
831941.709480,1644350.693936,0.750000,-53.290000,5,-1.059522
831941.709480,1644350.693936,0.750000,-53.290000,5,-1.042222
831941.709480,1644350.693936,0.750000,-53.290000,5,-1.027690
831941.709480,1644350.693936,0.750000,-53.290000,5,-1.015483
831941.709480,1644350.693936,0.750000,-53.290000,5,-1.005229
831941.709480,1644350.693936,0.750000,-53.290000,5,-0.996616
831941.709480,1644350.693936,0.750000,-53.290000,5,-0.989381
831941.709480,1644350.693936,0.750000,-53.290000,5,-0.983303
831941.709480,1644350.693936,0.750000,-53.290000,5,-0.978198
831941.709480,1644350.693936,0.750000,-53.290000,5,-0.973910
831941.709480,1644350.693936,0.750000,-53.290000,5,-0.970307
831941.709480,1644350.693936,0.750000,-53.290000,5,-0.967282
831941.709480,1644350.693936,0.750000,-53.290000,5,-0.964740
831941.709480,1644350.693936,0.750000,-53.290000,5,-0.962605
831941.709480,1644350.693936,0.750000,-53.290000,5,-0.960812
831941.709480,1644350.693936,0.750000,-53.290000,5,-0.959305
831942.151787,1644350.076315,0.760000,-54.610000,5,-0.774258
831942.151787,1644350.076315,0.760000,-54.610000,5,-0.618819
831942.151787,1644350.076315,0.760000,-54.610000,5,-0.488250
831942.151787,1644350.076315,0.760000,-54.610000,5,-0.378572
831942.151787,1644350.076315,0.760000,-54.610000,5,-0.286442
831942.151787,1644350.076315,0.760000,-54.610000,5,-0.209053
831942.151787,1644350.076315,0.760000,-54.610000,5,-0.144047
831942.151787,1644350.076315,0.760000,-54.610000,5,-0.089441
831942.151787,1644350.076315,0.760000,-54.610000,5,-0.043572
831942.151787,1644350.076315,0.760000,-54.610000,5,-0.005043
831942.151787,1644350.076315,0.760000,-54.610000,5,0.027322
831942.151787,1644350.076315,0.760000,-54.610000,5,0.054509
831942.151787,1644350.076315,0.760000,-54.610000,5,0.077345
831942.151787,1644350.076315,0.760000,-54.610000,5,0.096528
831942.151787,1644350.076315,0.760000,-54.610000,5,0.112642
831942.151787,1644350.076315,0.760000,-54.610000,5,0.126177
831942.151787,1644350.076315,0.760000,-54.610000,5,0.137547
831942.151787,1644350.076315,0.760000,-54.610000,5,0.147098
831942.151787,1644350.076315,0.760000,-54.610000,5,0.155120
831942.151787,1644350.076315,0.760000,-54.610000,5,0.161859
831942.607769,1644349.416346,0.800000,-55.320000,5,0.374018
831942.607769,1644349.416346,0.800000,-55.320000,5,0.552232
831942.607769,1644349.416346,0.800000,-55.320000,5,0.701932
831942.607769,1644349.416346,0.800000,-55.320000,5,0.827679
831942.607769,1644349.416346,0.800000,-55.320000,5,0.933307
831942.607769,1644349.416346,0.800000,-55.320000,5,1.022035
831942.607769,1644349.416346,0.800000,-55.320000,5,1.096566
831942.607769,1644349.416346,0.800000,-55.320000,5,1.159172
831942.607769,1644349.416346,0.800000,-55.320000,5,1.211762
831942.607769,1644349.416346,0.800000,-55.320000,5,1.255936
831942.607769,1644349.416346,0.800000,-55.320000,5,1.293043
831942.607769,1644349.416346,0.800000,-55.320000,5,1.324213
831942.607769,1644349.416346,0.800000,-55.320000,5,1.350396
831942.607769,1644349.416346,0.800000,-55.320000,5,1.372389
831942.607769,1644349.416346,0.800000,-55.320000,5,1.390864
831942.607769,1644349.416346,0.800000,-55.320000,5,1.406382
831942.607769,1644349.416346,0.800000,-55.320000,5,1.419418
831942.607769,1644349.416346,0.800000,-55.320000,5,1.430368
831942.607769,1644349.416346,0.800000,-55.320000,5,1.439566
831942.607769,1644349.416346,0.800000,-55.320000,5,1.447292
831943.077814,1644348.797831,0.780000,-52.430000,5,1.007642
831943.077814,1644348.797831,0.780000,-52.430000,5,0.638337
831943.077814,1644348.797831,0.780000,-52.430000,5,0.328120
831943.077814,1644348.797831,0.780000,-52.430000,5,0.067538
831943.077814,1644348.797831,0.780000,-52.430000,5,-0.151351
831943.077814,1644348.797831,0.780000,-52.430000,5,-0.335218
831943.077814,1644348.797831,0.780000,-52.430000,5,-0.489666
831943.077814,1644348.797831,0.780000,-52.430000,5,-0.619402
831943.077814,1644348.797831,0.780000,-52.430000,5,-0.728381
831943.077814,1644348.797831,0.780000,-52.430000,5,-0.819923
831943.077814,1644348.797831,0.780000,-52.430000,5,-0.896818
831943.077814,1644348.797831,0.780000,-52.430000,5,-0.961410
831943.077814,1644348.797831,0.780000,-52.430000,5,-1.015667
831943.077814,1644348.797831,0.780000,-52.430000,5,-1.061243
831943.077814,1644348.797831,0.780000,-52.430000,5,-1.099527
831943.077814,1644348.797831,0.780000,-52.430000,5,-1.131686
831943.077814,1644348.797831,0.780000,-52.430000,5,-1.158699
831943.077814,1644348.797831,0.780000,-52.430000,5,-1.181390
831943.077814,1644348.797831,0.780000,-52.430000,5,-1.200450
831943.077814,1644348.797831,0.780000,-52.430000,5,-1.216461
831943.560954,1644348.140529,0.810000,-53.980000,5,-0.932294
831943.560954,1644348.140529,0.810000,-53.980000,5,-0.693594
831943.560954,1644348.140529,0.810000,-53.980000,5,-0.493086
831943.560954,1644348.140529,0.810000,-53.980000,5,-0.324659
831943.560954,1644348.140529,0.810000,-53.980000,5,-0.183181
831943.560954,1644348.140529,0.810000,-53.980000,5,-0.064339
831943.560954,1644348.140529,0.810000,-53.980000,5,0.035488
831943.560954,1644348.140529,0.810000,-53.980000,5,0.119343
831943.560954,1644348.140529,0.810000,-53.980000,5,0.189781
831943.560954,1644348.140529,0.810000,-53.980000,5,0.248949
831943.560954,1644348.140529,0.810000,-53.980000,5,0.298650
831943.560954,1644348.140529,0.810000,-53.980000,5,0.340399
831943.560954,1644348.140529,0.810000,-53.980000,5,0.375468
831943.560954,1644348.140529,0.810000,-53.980000,5,0.404927
831943.560954,1644348.140529,0.810000,-53.980000,5,0.429671
831943.560954,1644348.140529,0.810000,-53.980000,5,0.450457
831943.560954,1644348.140529,0.810000,-53.980000,5,0.467917
831943.560954,1644348.140529,0.810000,-53.980000,5,0.482583
831943.560954,1644348.140529,0.810000,-53.980000,5,0.494903
831943.560954,1644348.140529,0.810000,-53.980000,5,0.505251
831943.560954,1644348.140529,0.810000,-53.980000,5,0.513944
831944.033157,1644347.462959,0.820000,-55.000000,5,0.776325
831944.033157,1644347.462959,0.820000,-55.000000,5,0.996724
831944.033157,1644347.462959,0.820000,-55.000000,5,1.181860
831944.033157,1644347.462959,0.820000,-55.000000,5,1.337374
831944.033157,1644347.462959,0.820000,-55.000000,5,1.468006
831944.033157,1644347.462959,0.820000,-55.000000,5,1.577736
831944.033157,1644347.462959,0.820000,-55.000000,5,1.669910
831944.033157,1644347.462959,0.820000,-55.000000,5,1.747336
831944.033157,1644347.462959,0.820000,-55.000000,5,1.812374
831944.033157,1644347.462959,0.820000,-55.000000,5,1.867006
831944.033157,1644347.462959,0.820000,-55.000000,5,1.912896
831944.033157,1644347.462959,0.820000,-55.000000,5,1.951445
831944.033157,1644347.462959,0.820000,-55.000000,5,1.983825
831944.033157,1644347.462959,0.820000,-55.000000,5,2.011025
831944.033157,1644347.462959,0.820000,-55.000000,5,2.033872
831944.033157,1644347.462959,0.820000,-55.000000,5,2.053064
831944.033157,1644347.462959,0.820000,-55.000000,5,2.069186
831944.033157,1644347.462959,0.820000,-55.000000,5,2.082727
831944.033157,1644347.462959,0.820000,-55.000000,5,2.094103
831943.915595,1644347.623911,0.840000,-52.020000,4,1.696900
831943.915595,1644347.623911,0.840000,-52.020000,4,1.363250
831943.915595,1644347.623911,0.840000,-52.020000,4,1.082983
831943.915595,1644347.623911,0.840000,-52.020000,4,0.847560
831943.915595,1644347.623911,0.840000,-52.020000,4,0.649804
831943.915595,1644347.623911,0.840000,-52.020000,4,0.483689
831943.915595,1644347.623911,0.840000,-52.020000,4,0.344153
831943.915595,1644347.623911,0.840000,-52.020000,4,0.226942
831943.915595,1644347.623911,0.840000,-52.020000,4,0.128485
831943.915595,1644347.623911,0.840000,-52.020000,4,0.045781
831943.915595,1644347.623911,0.840000,-52.020000,4,-0.023690
831943.915595,1644347.623911,0.840000,-52.020000,4,-0.082046
831943.915595,1644347.623911,0.840000,-52.020000,4,-0.131065
831943.915595,1644347.623911,0.840000,-52.020000,4,-0.172241
831943.915595,1644347.623911,0.840000,-52.020000,4,-0.206829
831943.915595,1644347.623911,0.840000,-52.020000,4,-0.235882
831943.915595,1644347.623911,0.840000,-52.020000,4,-0.260287
831943.915595,1644347.623911,0.840000,-52.020000,4,-0.280788
831943.915595,1644347.623911,0.840000,-52.020000,4,-0.298008
831943.915595,1644347.623911,0.840000,-52.020000,4,-0.312473
831944.607151,1644346.711403,1.140000,-52.950000,5,-0.135100
831944.607151,1644346.711403,1.140000,-52.950000,5,0.013893
831944.607151,1644346.711403,1.140000,-52.950000,5,0.139047
831944.607151,1644346.711403,1.140000,-52.950000,5,0.244177
831944.607151,1644346.711403,1.140000,-52.950000,5,0.332486
831944.607151,1644346.711403,1.140000,-52.950000,5,0.406665
831944.607151,1644346.711403,1.140000,-52.950000,5,0.468976
831944.607151,1644346.711403,1.140000,-52.950000,5,0.521317
831944.607151,1644346.711403,1.140000,-52.950000,5,0.565283
831944.607151,1644346.711403,1.140000,-52.950000,5,0.602215
831944.607151,1644346.711403,1.140000,-52.950000,5,0.633238
831944.607151,1644346.711403,1.140000,-52.950000,5,0.659297
831944.607151,1644346.711403,1.140000,-52.950000,5,0.681187
831944.607151,1644346.711403,1.140000,-52.950000,5,0.699574
831944.607151,1644346.711403,1.140000,-52.950000,5,0.715019
831944.607151,1644346.711403,1.140000,-52.950000,5,0.727993
831944.607151,1644346.711403,1.140000,-52.950000,5,0.738892
831944.607151,1644346.711403,1.140000,-52.950000,5,0.748046
831944.607151,1644346.711403,1.140000,-52.950000,5,0.755736
831944.607151,1644346.711403,1.140000,-52.950000,5,0.762195
831945.142401,1644345.988973,0.900000,-53.260000,5,0.845583
831945.142401,1644345.988973,0.900000,-53.260000,5,0.915629
831945.142401,1644345.988973,0.900000,-53.260000,5,0.974468
831945.142401,1644345.988973,0.900000,-53.260000,5,1.023892
831945.142401,1644345.988973,0.900000,-53.260000,5,1.065409
831945.142401,1644345.988973,0.900000,-53.260000,5,1.100283
831945.142401,1644345.988973,0.900000,-53.260000,5,1.129577
831945.142401,1644345.988973,0.900000,-53.260000,5,1.154184
831945.142401,1644345.988973,0.900000,-53.260000,5,1.174853
831945.142401,1644345.988973,0.900000,-53.260000,5,1.192216
831945.142401,1644345.988973,0.900000,-53.260000,5,1.206801
831945.142401,1644345.988973,0.900000,-53.260000,5,1.219052
831945.142401,1644345.988973,0.900000,-53.260000,5,1.229343
831945.142401,1644345.988973,0.900000,-53.260000,5,1.237987
831945.142401,1644345.988973,0.900000,-53.260000,5,1.245249
831945.142401,1644345.988973,0.900000,-53.260000,5,1.251348
831945.142401,1644345.988973,0.900000,-53.260000,5,1.256472
831945.142401,1644345.988973,0.900000,-53.260000,5,1.260775
831945.142401,1644345.988973,0.900000,-53.260000,5,1.264391
831945.142401,1644345.988973,0.900000,-53.260000,5,1.267427
831945.728980,1644345.325121,0.890000,-48.200000,5,0.680900
831945.728980,1644345.325121,0.890000,-48.200000,5,0.130900
831945.728980,1644345.325121,0.890000,-48.200000,5,-0.420203
831945.728980,1644345.325121,0.890000,-48.200000,5,-0.937047
831945.728980,1644345.325121,0.890000,-48.200000,5,-1.371195
831945.728980,1644345.325121,0.890000,-48.200000,5,-1.735880
831945.728980,1644345.325121,0.890000,-48.200000,5,-2.042215
831945.728980,1644345.325121,0.890000,-48.200000,5,-2.299536
831945.728980,1644345.325121,0.890000,-48.200000,5,-2.515686
831945.728980,1644345.325121,0.890000,-48.200000,5,-2.697252
831945.728980,1644345.325121,0.890000,-48.200000,5,-2.849767
831945.728980,1644345.325121,0.890000,-48.200000,5,-2.977880
831945.728980,1644345.325121,0.890000,-48.200000,5,-3.085495
831945.728980,1644345.325121,0.890000,-48.200000,5,-3.175892
831945.728980,1644345.325121,0.890000,-48.200000,5,-3.251825
831945.728980,1644345.325121,0.890000,-48.200000,5,-3.315609
831945.728980,1644345.325121,0.890000,-48.200000,5,-3.369187
831945.728980,1644345.325121,0.890000,-48.200000,5,-3.414193
831945.728980,1644345.325121,0.890000,-48.200000,5,-3.451998
831945.728980,1644345.325121,0.890000,-48.200000,5,-3.483754
831946.277979,1644344.636169,0.880000,-52.370000,5,-3.060465
831946.277979,1644344.636169,0.880000,-52.370000,5,-2.704902
831946.277979,1644344.636169,0.880000,-52.370000,5,-2.406230
831946.277979,1644344.636169,0.880000,-52.370000,5,-2.155345
831946.277979,1644344.636169,0.880000,-52.370000,5,-1.944601
831946.277979,1644344.636169,0.880000,-52.370000,5,-1.767577
831946.277979,1644344.636169,0.880000,-52.370000,5,-1.618876
831946.277979,1644344.636169,0.880000,-52.370000,5,-1.493968
831946.277979,1644344.636169,0.880000,-52.370000,5,-1.389044
831946.277979,1644344.636169,0.880000,-52.370000,5,-1.300909
831946.277979,1644344.636169,0.880000,-52.370000,5,-1.226875
831946.277979,1644344.636169,0.880000,-52.370000,5,-1.164687
831946.277979,1644344.636169,0.880000,-52.370000,5,-1.112449
831946.277979,1644344.636169,0.880000,-52.370000,5,-1.068569
831946.277979,1644344.636169,0.880000,-52.370000,5,-1.031709
831946.277979,1644344.636169,0.880000,-52.370000,5,-1.000748
831946.277979,1644344.636169,0.880000,-52.370000,5,-0.974740
831946.277979,1644344.636169,0.880000,-52.370000,5,-0.952893
831946.277979,1644344.636169,0.880000,-52.370000,5,-0.934542
831946.277979,1644344.636169,0.880000,-52.370000,5,-0.919127
831946.805457,1644343.916924,0.890000,-53.990000,5,-0.704196
831946.805457,1644343.916924,0.890000,-53.990000,5,-0.523655
831946.805457,1644343.916924,0.890000,-53.990000,5,-0.372000
831946.805457,1644343.916924,0.890000,-53.990000,5,-0.244610
831946.805457,1644343.916924,0.890000,-53.990000,5,-0.137602
831946.805457,1644343.916924,0.890000,-53.990000,5,-0.047716
831946.805457,1644343.916924,0.890000,-53.990000,5,0.027789
831946.805457,1644343.916924,0.890000,-53.990000,5,0.091213
831946.805457,1644343.916924,0.890000,-53.990000,5,0.144489
831946.805457,1644343.916924,0.890000,-53.990000,5,0.189241
831946.805457,1644343.916924,0.890000,-53.990000,5,0.226832
831946.805457,1644343.916924,0.890000,-53.990000,5,0.258409
831946.805457,1644343.916924,0.890000,-53.990000,5,0.284934
831946.805457,1644343.916924,0.890000,-53.990000,5,0.307215
831946.805457,1644343.916924,0.890000,-53.990000,5,0.325930
831946.805457,1644343.916924,0.890000,-53.990000,5,0.341652
831946.805457,1644343.916924,0.890000,-53.990000,5,0.354858
831946.805457,1644343.916924,0.890000,-53.990000,5,0.365950
831946.805457,1644343.916924,0.890000,-53.990000,5,0.375269
831946.805457,1644343.916924,0.890000,-53.990000,5,0.383096
831947.253051,1644343.158240,0.880000,-59.360000,5,0.933096
831947.253051,1644343.158240,0.880000,-59.360000,5,1.483096
831947.253051,1644343.158240,0.880000,-59.360000,5,2.036310
831947.253051,1644343.158240,0.880000,-59.360000,5,2.586310
831947.253051,1644343.158240,0.880000,-59.360000,5,3.136525
831947.253051,1644343.158240,0.880000,-59.360000,5,3.633425
831947.253051,1644343.158240,0.880000,-59.360000,5,4.050821
831947.253051,1644343.158240,0.880000,-59.360000,5,4.401434
831947.253051,1644343.158240,0.880000,-59.360000,5,4.695949
831947.253051,1644343.158240,0.880000,-59.360000,5,4.943342
831947.253051,1644343.158240,0.880000,-59.360000,5,5.151151
831947.253051,1644343.158240,0.880000,-59.360000,5,5.325712
831947.253051,1644343.158240,0.880000,-59.360000,5,5.472342
831947.253051,1644343.158240,0.880000,-59.360000,5,5.595512
831947.253051,1644343.158240,0.880000,-59.360000,5,5.698974
831947.253051,1644343.158240,0.880000,-59.360000,5,5.785883
831947.253051,1644343.158240,0.880000,-59.360000,5,5.858886
831947.253051,1644343.158240,0.880000,-59.360000,5,5.920208
831947.253051,1644343.158240,0.880000,-59.360000,5,5.971719
831947.253051,1644343.158240,0.880000,-59.360000,5,6.014989
831947.784020,1644342.451364,0.890000,-51.490000,5,5.449876
831947.784020,1644342.451364,0.890000,-51.490000,5,4.899876
831947.784020,1644342.451364,0.890000,-51.490000,5,4.349582
831947.784020,1644342.451364,0.890000,-51.490000,5,3.794756
831947.784020,1644342.451364,0.890000,-51.490000,5,3.244756
831947.784020,1644342.451364,0.890000,-51.490000,5,2.694756
831947.784020,1644342.451364,0.890000,-51.490000,5,2.144223
831947.784020,1644342.451364,0.890000,-51.490000,5,1.593763
831947.784020,1644342.451364,0.890000,-51.490000,5,1.045740
831947.784020,1644342.451364,0.890000,-51.490000,5,0.585401
831947.784020,1644342.451364,0.890000,-51.490000,5,0.198716
831947.784020,1644342.451364,0.890000,-51.490000,5,-0.126099
831947.784020,1644342.451364,0.890000,-51.490000,5,-0.398944
831947.784020,1644342.451364,0.890000,-51.490000,5,-0.628133
831947.784020,1644342.451364,0.890000,-51.490000,5,-0.820652
831947.784020,1644342.451364,0.890000,-51.490000,5,-0.982369
831947.784020,1644342.451364,0.890000,-51.490000,5,-1.118210
831947.784020,1644342.451364,0.890000,-51.490000,5,-1.232317
831947.784020,1644342.451364,0.890000,-51.490000,5,-1.328167
831947.784020,1644342.451364,0.890000,-51.490000,5,-1.408681
831948.378820,1644341.769810,0.900000,-49.270000,5,-1.958681
831948.378820,1644341.769810,0.900000,-49.270000,5,-2.509285
831948.378820,1644341.769810,0.900000,-49.270000,5,-2.995234
831948.378820,1644341.769810,0.900000,-49.270000,5,-3.403431
831948.378820,1644341.769810,0.900000,-49.270000,5,-3.746317
831948.378820,1644341.769810,0.900000,-49.270000,5,-4.034341
831948.378820,1644341.769810,0.900000,-49.270000,5,-4.276281
831948.378820,1644341.769810,0.900000,-49.270000,5,-4.479510
831948.378820,1644341.769810,0.900000,-49.270000,5,-4.650223
831948.378820,1644341.769810,0.900000,-49.270000,5,-4.793622
831948.378820,1644341.769810,0.900000,-49.270000,5,-4.914077
831948.378820,1644341.769810,0.900000,-49.270000,5,-5.015260
831948.378820,1644341.769810,0.900000,-49.270000,5,-5.100253
831948.378820,1644341.769810,0.900000,-49.270000,5,-5.171647
831948.378820,1644341.769810,0.900000,-49.270000,5,-5.231618
831948.378820,1644341.769810,0.900000,-49.270000,5,-5.281994
831948.378820,1644341.769810,0.900000,-49.270000,5,-5.324309
831948.378820,1644341.769810,0.900000,-49.270000,5,-5.359854
831948.378820,1644341.769810,0.900000,-49.270000,5,-5.389712
831948.378820,1644341.769810,0.900000,-49.270000,5,-5.414793
831948.378820,1644341.769810,0.900000,-49.270000,5,-5.435861
831949.003509,1644341.028557,0.910000,-51.460000,5,-5.459470
831949.003509,1644341.028557,0.910000,-51.460000,5,-5.479302
831949.003509,1644341.028557,0.910000,-51.460000,5,-5.495961
831949.003509,1644341.028557,0.910000,-51.460000,5,-5.509954
831949.003509,1644341.028557,0.910000,-51.460000,5,-5.521708
831949.003509,1644341.028557,0.910000,-51.460000,5,-5.531582
831949.003509,1644341.028557,0.910000,-51.460000,5,-5.539876
831949.003509,1644341.028557,0.910000,-51.460000,5,-5.546843
831949.003509,1644341.028557,0.910000,-51.460000,5,-5.552695
831949.003509,1644341.028557,0.910000,-51.460000,5,-5.557611
831949.003509,1644341.028557,0.910000,-51.460000,5,-5.561740
831949.003509,1644341.028557,0.910000,-51.460000,5,-5.565209
831949.003509,1644341.028557,0.910000,-51.460000,5,-5.568123
831949.003509,1644341.028557,0.910000,-51.460000,5,-5.570570
831949.003509,1644341.028557,0.910000,-51.460000,5,-5.572626
831949.003509,1644341.028557,0.910000,-51.460000,5,-5.574353
831949.003509,1644341.028557,0.910000,-51.460000,5,-5.575803
831949.003509,1644341.028557,0.910000,-51.460000,5,-5.577022
831949.003509,1644341.028557,0.910000,-51.460000,5,-5.578045
831949.321159,1644341.071171,0.930000,-59.390000,4,-5.119361
831949.321159,1644341.071171,0.930000,-59.390000,4,-4.734067
831949.321159,1644341.071171,0.930000,-59.390000,4,-4.410419
831949.321159,1644341.071171,0.930000,-59.390000,4,-4.138555
831949.321159,1644341.071171,0.930000,-59.390000,4,-3.910189
831949.321159,1644341.071171,0.930000,-59.390000,4,-3.718362
831949.321159,1644341.071171,0.930000,-59.390000,4,-3.557227
831949.321159,1644341.071171,0.930000,-59.390000,4,-3.421874
831949.321159,1644341.071171,0.930000,-59.390000,4,-3.308177
831949.321159,1644341.071171,0.930000,-59.390000,4,-3.212672
831949.321159,1644341.071171,0.930000,-59.390000,4,-3.132447
831949.321159,1644341.071171,0.930000,-59.390000,4,-3.065059
831949.321159,1644341.071171,0.930000,-59.390000,4,-3.008452
831949.321159,1644341.071171,0.930000,-59.390000,4,-2.960903
831949.321159,1644341.071171,0.930000,-59.390000,4,-2.920962
831949.321159,1644341.071171,0.930000,-59.390000,4,-2.887411
831949.321159,1644341.071171,0.930000,-59.390000,4,-2.859228
831949.321159,1644341.071171,0.930000,-59.390000,4,-2.835555
831949.321159,1644341.071171,0.930000,-59.390000,4,-2.815669
831949.321159,1644341.071171,0.930000,-59.390000,4,-2.798965
831949.816084,1644340.339578,1.220000,-62.170000,4,-2.562414
831949.816084,1644340.339578,1.220000,-62.170000,4,-2.363712
831949.816084,1644340.339578,1.220000,-62.170000,4,-2.196802
831949.816084,1644340.339578,1.220000,-62.170000,4,-2.056597
831949.816084,1644340.339578,1.220000,-62.170000,4,-1.938825
831949.816084,1644340.339578,1.220000,-62.170000,4,-1.839897
831949.816084,1644340.339578,1.220000,-62.170000,4,-1.756797
831949.816084,1644340.339578,1.220000,-62.170000,4,-1.686993
831949.816084,1644340.339578,1.220000,-62.170000,4,-1.628358
831949.816084,1644340.339578,1.220000,-62.170000,4,-1.579104
831949.816084,1644340.339578,1.220000,-62.170000,4,-1.537731
831949.816084,1644340.339578,1.220000,-62.170000,4,-1.502978
831949.816084,1644340.339578,1.220000,-62.170000,4,-1.473785
831949.816084,1644340.339578,1.220000,-62.170000,4,-1.449263
831949.816084,1644340.339578,1.220000,-62.170000,4,-1.428665
831949.816084,1644340.339578,1.220000,-62.170000,4,-1.411362
831949.816084,1644340.339578,1.220000,-62.170000,4,-1.396828
831949.816084,1644340.339578,1.220000,-62.170000,4,-1.384619
831949.816084,1644340.339578,1.220000,-62.170000,4,-1.374364
831949.816084,1644340.339578,1.220000,-62.170000,4,-1.365749
831950.259954,1644339.404212,1.230000,-73.760000,4,-0.265749
831950.259954,1644339.404212,1.230000,-73.760000,4,0.834251
831950.259954,1644339.404212,1.230000,-73.760000,4,1.816014
831950.259954,1644339.404212,1.230000,-73.760000,4,2.640695
831950.259954,1644339.404212,1.230000,-73.760000,4,3.333428
831950.259954,1644339.404212,1.230000,-73.760000,4,3.915323
831950.259954,1644339.404212,1.230000,-73.760000,4,4.404115
831950.259954,1644339.404212,1.230000,-73.760000,4,4.814700
831950.259954,1644339.404212,1.230000,-73.760000,4,5.159592
831950.259954,1644339.404212,1.230000,-73.760000,4,5.449301
831950.259954,1644339.404212,1.230000,-73.760000,4,5.692656
831950.259954,1644339.404212,1.230000,-73.760000,4,5.897075
831950.259954,1644339.404212,1.230000,-73.760000,4,6.068786
831950.259954,1644339.404212,1.230000,-73.760000,4,6.213024
831950.259954,1644339.404212,1.230000,-73.760000,4,6.334184
831950.259954,1644339.404212,1.230000,-73.760000,4,6.435958
831950.259954,1644339.404212,1.230000,-73.760000,4,6.521448
831950.259954,1644339.404212,1.230000,-73.760000,4,6.593260
831950.259954,1644339.404212,1.230000,-73.760000,4,6.653582
831950.259954,1644339.404212,1.230000,-73.760000,4,6.704253
831950.883608,1644338.452868,1.250000,-62.030000,4,5.604253
831950.883608,1644338.452868,1.250000,-62.030000,4,4.504253
831950.883608,1644338.452868,1.250000,-62.030000,4,3.401035
831950.883608,1644338.452868,1.250000,-62.030000,4,2.470657
831950.883608,1644338.452868,1.250000,-62.030000,4,1.689140
831950.883608,1644338.452868,1.250000,-62.030000,4,1.032665
831950.883608,1644338.452868,1.250000,-62.030000,4,0.481227
831950.883608,1644338.452868,1.250000,-62.030000,4,0.018018
831950.883608,1644338.452868,1.250000,-62.030000,4,-0.371077
831950.883608,1644338.452868,1.250000,-62.030000,4,-0.697917
831950.883608,1644338.452868,1.250000,-62.030000,4,-0.972462
831950.883608,1644338.452868,1.250000,-62.030000,4,-1.203080
831950.883608,1644338.452868,1.250000,-62.030000,4,-1.396800
831950.883608,1644338.452868,1.250000,-62.030000,4,-1.559524
831950.883608,1644338.452868,1.250000,-62.030000,4,-1.696212
831950.883608,1644338.452868,1.250000,-62.030000,4,-1.811030
831950.883608,1644338.452868,1.250000,-62.030000,4,-1.907478
831950.883608,1644338.452868,1.250000,-62.030000,4,-1.988493
831950.883608,1644338.452868,1.250000,-62.030000,4,-2.056546
831950.883608,1644338.452868,1.250000,-62.030000,4,-2.113711
831951.435705,1644337.482074,1.270000,-60.740000,4,-2.435558
831951.435705,1644337.482074,1.270000,-60.740000,4,-2.705909
831951.435705,1644337.482074,1.270000,-60.740000,4,-2.933004
831951.435705,1644337.482074,1.270000,-60.740000,4,-3.123763
831951.435705,1644337.482074,1.270000,-60.740000,4,-3.284001
831951.435705,1644337.482074,1.270000,-60.740000,4,-3.418602
831951.435705,1644337.482074,1.270000,-60.740000,4,-3.531666
831951.435705,1644337.482074,1.270000,-60.740000,4,-3.626639
831951.435705,1644337.482074,1.270000,-60.740000,4,-3.706417
831951.435705,1644337.482074,1.270000,-60.740000,4,-3.773431
831951.435705,1644337.482074,1.270000,-60.740000,4,-3.829722
831951.435705,1644337.482074,1.270000,-60.740000,4,-3.877007
831951.435705,1644337.482074,1.270000,-60.740000,4,-3.916726
831951.435705,1644337.482074,1.270000,-60.740000,4,-3.950090
831951.435705,1644337.482074,1.270000,-60.740000,4,-3.978116
831951.435705,1644337.482074,1.270000,-60.740000,4,-4.001658
831951.435705,1644337.482074,1.270000,-60.740000,4,-4.021433
831951.435705,1644337.482074,1.270000,-60.740000,4,-4.038044
831951.435705,1644337.482074,1.270000,-60.740000,4,-4.051997
831951.435705,1644337.482074,1.270000,-60.740000,4,-4.063718
831952.113472,1644336.513017,1.270000,-63.340000,4,-4.081282
831952.113472,1644336.513017,1.270000,-63.340000,4,-4.096035
831952.113472,1644336.513017,1.270000,-63.340000,4,-4.108428
831952.113472,1644336.513017,1.270000,-63.340000,4,-4.118838
831952.113472,1644336.513017,1.270000,-63.340000,4,-4.127583
831952.113472,1644336.513017,1.270000,-63.340000,4,-4.134928
831952.113472,1644336.513017,1.270000,-63.340000,4,-4.141098
831952.113472,1644336.513017,1.270000,-63.340000,4,-4.146281
831952.113472,1644336.513017,1.270000,-63.340000,4,-4.150635
831952.113472,1644336.513017,1.270000,-63.340000,4,-4.154292
831952.113472,1644336.513017,1.270000,-63.340000,4,-4.157364
831952.113472,1644336.513017,1.270000,-63.340000,4,-4.159944
831952.113472,1644336.513017,1.270000,-63.340000,4,-4.162112
831952.113472,1644336.513017,1.270000,-63.340000,4,-4.163933
831952.113472,1644336.513017,1.270000,-63.340000,4,-4.165462
831952.113472,1644336.513017,1.270000,-63.340000,4,-4.166747
831952.113472,1644336.513017,1.270000,-63.340000,4,-4.167826
831952.113472,1644336.513017,1.270000,-63.340000,4,-4.168732
831952.113472,1644336.513017,1.270000,-63.340000,4,-4.169494
831952.113472,1644336.513017,1.270000,-63.340000,4,-4.170133
831952.719938,1644335.506054,1.280000,-60.430000,4,-4.724205
831952.719938,1644335.506054,1.280000,-60.430000,4,-5.189625
831952.719938,1644335.506054,1.280000,-60.430000,4,-5.580578
831952.719938,1644335.506054,1.280000,-60.430000,4,-5.908979
831952.719938,1644335.506054,1.280000,-60.430000,4,-6.184835
831952.719938,1644335.506054,1.280000,-60.430000,4,-6.416555
831952.719938,1644335.506054,1.280000,-60.430000,4,-6.611199
831952.719938,1644335.506054,1.280000,-60.430000,4,-6.774700
831952.719938,1644335.506054,1.280000,-60.430000,4,-6.912041
831952.719938,1644335.506054,1.280000,-60.430000,4,-7.027408
831952.719938,1644335.506054,1.280000,-60.430000,4,-7.124316
831952.719938,1644335.506054,1.280000,-60.430000,4,-7.205718
831952.719938,1644335.506054,1.280000,-60.430000,4,-7.274097
831952.719938,1644335.506054,1.280000,-60.430000,4,-7.331534
831952.719938,1644335.506054,1.280000,-60.430000,4,-7.379782
831952.719938,1644335.506054,1.280000,-60.430000,4,-7.420310
831952.719938,1644335.506054,1.280000,-60.430000,4,-7.454353
831952.719938,1644335.506054,1.280000,-60.430000,4,-7.482950
831952.719938,1644335.506054,1.280000,-60.430000,4,-7.506971
831952.719938,1644335.506054,1.280000,-60.430000,4,-7.527149
831953.339975,1644334.389959,1.280000,-63.840000,5,-7.345652
831953.339975,1644334.389959,1.280000,-63.840000,5,-7.193194
831953.339975,1644334.389959,1.280000,-63.840000,5,-7.065129
831953.339975,1644334.389959,1.280000,-63.840000,5,-6.957555
831953.339975,1644334.389959,1.280000,-63.840000,5,-6.867193
831953.339975,1644334.389959,1.280000,-63.840000,5,-6.791289
831953.339975,1644334.389959,1.280000,-63.840000,5,-6.727529
831953.339975,1644334.389959,1.280000,-63.840000,5,-6.673971
831953.339975,1644334.389959,1.280000,-63.840000,5,-6.628982
831953.339975,1644334.389959,1.280000,-63.840000,5,-6.591192
831953.339975,1644334.389959,1.280000,-63.840000,5,-6.559448
831953.339975,1644334.389959,1.280000,-63.840000,5,-6.532783
831953.339975,1644334.389959,1.280000,-63.840000,5,-6.510384
831953.339975,1644334.389959,1.280000,-63.840000,5,-6.491569
831953.339975,1644334.389959,1.280000,-63.840000,5,-6.475765
831953.339975,1644334.389959,1.280000,-63.840000,5,-6.462489
831953.339975,1644334.389959,1.280000,-63.840000,5,-6.451337
831953.339975,1644334.389959,1.280000,-63.840000,5,-6.441970
831953.339975,1644334.389959,1.280000,-63.840000,5,-6.434101
831953.339975,1644334.389959,1.280000,-63.840000,5,-6.427492
831953.828676,1644333.456963,1.050000,-64.390000,5,-6.412093
831953.828676,1644333.456963,1.050000,-64.390000,5,-6.399159
831953.828676,1644333.456963,1.050000,-64.390000,5,-6.388294
831953.828676,1644333.456963,1.050000,-64.390000,5,-6.379167
831953.828676,1644333.456963,1.050000,-64.390000,5,-6.371501
831953.828676,1644333.456963,1.050000,-64.390000,5,-6.365061
831953.828676,1644333.456963,1.050000,-64.390000,5,-6.359652
831953.828676,1644333.456963,1.050000,-64.390000,5,-6.355108
831953.828676,1644333.456963,1.050000,-64.390000,5,-6.351291
831953.828676,1644333.456963,1.050000,-64.390000,5,-6.348085
831953.828676,1644333.456963,1.050000,-64.390000,5,-6.345392
831953.828676,1644333.456963,1.050000,-64.390000,5,-6.343130
831953.828676,1644333.456963,1.050000,-64.390000,5,-6.341229
831953.828676,1644333.456963,1.050000,-64.390000,5,-6.339633
831953.828676,1644333.456963,1.050000,-64.390000,5,-6.338292
831953.828676,1644333.456963,1.050000,-64.390000,5,-6.337166
831953.828676,1644333.456963,1.050000,-64.390000,5,-6.336220
831953.828676,1644333.456963,1.050000,-64.390000,5,-6.335425
831953.828676,1644333.456963,1.050000,-64.390000,5,-6.334758
831953.828676,1644333.456963,1.050000,-64.390000,5,-6.334197
831954.201142,1644332.528763,1.000000,-70.040000,5,-5.784197
831954.201142,1644332.528763,1.000000,-70.040000,5,-5.234197
831954.201142,1644332.528763,1.000000,-70.040000,5,-4.682460
831954.201142,1644332.528763,1.000000,-70.040000,5,-4.124869
831954.201142,1644332.528763,1.000000,-70.040000,5,-3.574869
831954.201142,1644332.528763,1.000000,-70.040000,5,-3.073848
831954.201142,1644332.528763,1.000000,-70.040000,5,-2.652990
831954.201142,1644332.528763,1.000000,-70.040000,5,-2.299470
831954.201142,1644332.528763,1.000000,-70.040000,5,-2.002513
831954.201142,1644332.528763,1.000000,-70.040000,5,-1.753069
831954.201142,1644332.528763,1.000000,-70.040000,5,-1.543536
831954.201142,1644332.528763,1.000000,-70.040000,5,-1.367528
831954.201142,1644332.528763,1.000000,-70.040000,5,-1.219682
831954.201142,1644332.528763,1.000000,-70.040000,5,-1.095491
831954.201142,1644332.528763,1.000000,-70.040000,5,-0.991170
831954.201142,1644332.528763,1.000000,-70.040000,5,-0.903541
831954.201142,1644332.528763,1.000000,-70.040000,5,-0.829932
831954.201142,1644332.528763,1.000000,-70.040000,5,-0.768101
831954.201142,1644332.528763,1.000000,-70.040000,5,-0.716163
831954.201142,1644332.528763,1.000000,-70.040000,5,-0.672535
831954.644906,1644331.342056,1.000000,-78.480000,4,0.451062
831954.644906,1644331.342056,1.000000,-78.480000,4,1.551062
831954.644906,1644331.342056,1.000000,-78.480000,4,2.651062
831954.644906,1644331.342056,1.000000,-78.480000,4,3.644865
831954.644906,1644331.342056,1.000000,-78.480000,4,4.479659
831954.644906,1644331.342056,1.000000,-78.480000,4,5.180886
831954.644906,1644331.342056,1.000000,-78.480000,4,5.769917
831954.644906,1644331.342056,1.000000,-78.480000,4,6.264703
831954.644906,1644331.342056,1.000000,-78.480000,4,6.680324
831954.644906,1644331.342056,1.000000,-78.480000,4,7.029445
831954.644906,1644331.342056,1.000000,-78.480000,4,7.322706
831954.644906,1644331.342056,1.000000,-78.480000,4,7.569046
831954.644906,1644331.342056,1.000000,-78.480000,4,7.775971
831954.644906,1644331.342056,1.000000,-78.480000,4,7.949789
831954.644906,1644331.342056,1.000000,-78.480000,4,8.095795
831954.644906,1644331.342056,1.000000,-78.480000,4,8.218441
831954.644906,1644331.342056,1.000000,-78.480000,4,8.321463
831954.644906,1644331.342056,1.000000,-78.480000,4,8.408002
831954.644906,1644331.342056,1.000000,-78.480000,4,8.480694
831954.644906,1644331.342056,1.000000,-78.480000,4,8.541756
831954.944644,1644330.441620,1.300000,-73.150000,4,8.086487
831954.944644,1644330.441620,1.300000,-73.150000,4,7.704061
831954.944644,1644330.441620,1.300000,-73.150000,4,7.382823
831954.944644,1644330.441620,1.300000,-73.150000,4,7.112983
831954.944644,1644330.441620,1.300000,-73.150000,4,6.886318
831954.944644,1644330.441620,1.300000,-73.150000,4,6.695919
831954.944644,1644330.441620,1.300000,-73.150000,4,6.535984
831954.944644,1644330.441620,1.300000,-73.150000,4,6.401638
831954.944644,1644330.441620,1.300000,-73.150000,4,6.288788
831954.944644,1644330.441620,1.300000,-73.150000,4,6.193994
831954.944644,1644330.441620,1.300000,-73.150000,4,6.114367
831954.944644,1644330.441620,1.300000,-73.150000,4,6.047480
831954.944644,1644330.441620,1.300000,-73.150000,4,5.991295
831954.944644,1644330.441620,1.300000,-73.150000,4,5.944100
831954.944644,1644330.441620,1.300000,-73.150000,4,5.904455
831954.944644,1644330.441620,1.300000,-73.150000,4,5.871154
831954.944644,1644330.441620,1.300000,-73.150000,4,5.843182
831954.944644,1644330.441620,1.300000,-73.150000,4,5.819684
831954.944644,1644330.441620,1.300000,-73.150000,4,5.799947
831954.944644,1644330.441620,1.300000,-73.150000,4,5.783367
831955.244637,1644329.522727,1.300000,-66.130000,4,5.206982
831955.244637,1644329.522727,1.300000,-66.130000,4,4.722818
831955.244637,1644329.522727,1.300000,-66.130000,4,4.316121
831955.244637,1644329.522727,1.300000,-66.130000,4,3.974495
831955.244637,1644329.522727,1.300000,-66.130000,4,3.687529
831955.244637,1644329.522727,1.300000,-66.130000,4,3.446478
831955.244637,1644329.522727,1.300000,-66.130000,4,3.243995
831955.244637,1644329.522727,1.300000,-66.130000,4,3.073909
831955.244637,1644329.522727,1.300000,-66.130000,4,2.931037
831955.244637,1644329.522727,1.300000,-66.130000,4,2.811025
831955.244637,1644329.522727,1.300000,-66.130000,4,2.710214
831955.244637,1644329.522727,1.300000,-66.130000,4,2.625533
831955.244637,1644329.522727,1.300000,-66.130000,4,2.554402
831955.244637,1644329.522727,1.300000,-66.130000,4,2.494651
831955.244637,1644329.522727,1.300000,-66.130000,4,2.444460
831955.244637,1644329.522727,1.300000,-66.130000,4,2.402300
831955.244637,1644329.522727,1.300000,-66.130000,4,2.366885
831955.244637,1644329.522727,1.300000,-66.130000,4,2.337137
831955.244637,1644329.522727,1.300000,-66.130000,4,2.312149
831955.244637,1644329.522727,1.300000,-66.130000,4,2.291158
831955.776373,1644328.328585,1.310000,-65.100000,5,2.284800
831955.776373,1644328.328585,1.310000,-65.100000,5,2.279459
831955.776373,1644328.328585,1.310000,-65.100000,5,2.274973
831955.776373,1644328.328585,1.310000,-65.100000,5,2.271204
831955.776373,1644328.328585,1.310000,-65.100000,5,2.268039
831955.776373,1644328.328585,1.310000,-65.100000,5,2.265380
831955.776373,1644328.328585,1.310000,-65.100000,5,2.263146
831955.776373,1644328.328585,1.310000,-65.100000,5,2.261270
831955.776373,1644328.328585,1.310000,-65.100000,5,2.259694
831955.776373,1644328.328585,1.310000,-65.100000,5,2.258370
831955.776373,1644328.328585,1.310000,-65.100000,5,2.257258
831955.776373,1644328.328585,1.310000,-65.100000,5,2.256323
831955.776373,1644328.328585,1.310000,-65.100000,5,2.255539
831955.776373,1644328.328585,1.310000,-65.100000,5,2.254880
831955.776373,1644328.328585,1.310000,-65.100000,5,2.254326
831955.776373,1644328.328585,1.310000,-65.100000,5,2.253861
831955.776373,1644328.328585,1.310000,-65.100000,5,2.253470
831955.776373,1644328.328585,1.310000,-65.100000,5,2.253142
831955.776373,1644328.328585,1.310000,-65.100000,5,2.252866
831955.776373,1644328.328585,1.310000,-65.100000,5,2.252635
831956.136582,1644327.312665,1.080000,-69.750000,5,2.803087
831956.136582,1644327.312665,1.080000,-69.750000,5,3.353087
831956.136582,1644327.312665,1.080000,-69.750000,5,3.903564
831956.136582,1644327.312665,1.080000,-69.750000,5,4.406091
831956.136582,1644327.312665,1.080000,-69.750000,5,4.828214
831956.136582,1644327.312665,1.080000,-69.750000,5,5.182797
831956.136582,1644327.312665,1.080000,-69.750000,5,5.480647
831956.136582,1644327.312665,1.080000,-69.750000,5,5.730841
831956.136582,1644327.312665,1.080000,-69.750000,5,5.941004
831956.136582,1644327.312665,1.080000,-69.750000,5,6.117541
831956.136582,1644327.312665,1.080000,-69.750000,5,6.265832
831956.136582,1644327.312665,1.080000,-69.750000,5,6.390396
831956.136582,1644327.312665,1.080000,-69.750000,5,6.495030
831956.136582,1644327.312665,1.080000,-69.750000,5,6.582923
831956.136582,1644327.312665,1.080000,-69.750000,5,6.656753
831956.136582,1644327.312665,1.080000,-69.750000,5,6.718770
831956.136582,1644327.312665,1.080000,-69.750000,5,6.770864
831956.136582,1644327.312665,1.080000,-69.750000,5,6.814624
831956.136582,1644327.312665,1.080000,-69.750000,5,6.851381
831956.136582,1644327.312665,1.080000,-69.750000,5,6.882258
831956.136582,1644327.312665,1.080000,-69.750000,5,6.908194
831956.136582,1644327.312665,1.080000,-69.750000,5,6.929981
831956.136582,1644327.312665,1.080000,-69.750000,5,6.948281
831956.136582,1644327.312665,1.080000,-69.750000,5,6.963654
831956.136582,1644327.312665,1.080000,-69.750000,5,6.976567
831956.136582,1644327.312665,1.080000,-69.750000,5,6.987414
831956.136582,1644327.312665,1.080000,-69.750000,5,6.996525
831956.136582,1644327.312665,1.080000,-69.750000,5,7.004178
831956.136582,1644327.312665,1.080000,-69.750000,5,7.010607
831956.136582,1644327.312665,1.080000,-69.750000,5,7.016008
831956.136582,1644327.312665,1.080000,-69.750000,5,7.020544
831956.136582,1644327.312665,1.080000,-69.750000,5,7.024355
831956.136582,1644327.312665,1.080000,-69.750000,5,7.027555
831956.136582,1644327.312665,1.080000,-69.750000,5,7.030244
831956.136582,1644327.312665,1.080000,-69.750000,5,7.032502
831956.136582,1644327.312665,1.080000,-69.750000,5,7.034400
831956.136582,1644327.312665,1.080000,-69.750000,5,7.035993
831956.136582,1644327.312665,1.080000,-69.750000,5,7.037332
831956.136582,1644327.312665,1.080000,-69.750000,5,7.038456
831956.136582,1644327.312665,1.080000,-69.750000,5,7.039401
831956.817656,1644325.411846,1.010000,-66.010000,5,6.875526
831956.817656,1644325.411846,1.010000,-66.010000,5,6.737872
831956.817656,1644325.411846,1.010000,-66.010000,5,6.622242
831956.817656,1644325.411846,1.010000,-66.010000,5,6.525113
831956.817656,1644325.411846,1.010000,-66.010000,5,6.443525
831956.817656,1644325.411846,1.010000,-66.010000,5,6.374990
831956.817656,1644325.411846,1.010000,-66.010000,5,6.317422
831956.817656,1644325.411846,1.010000,-66.010000,5,6.269064
831956.817656,1644325.411846,1.010000,-66.010000,5,6.228443
831956.817656,1644325.411846,1.010000,-66.010000,5,6.194322
831956.817656,1644325.411846,1.010000,-66.010000,5,6.165660
831956.817656,1644325.411846,1.010000,-66.010000,5,6.141584
831956.817656,1644325.411846,1.010000,-66.010000,5,6.121360
831956.817656,1644325.411846,1.010000,-66.010000,5,6.104372
831956.817656,1644325.411846,1.010000,-66.010000,5,6.090103
831956.817656,1644325.411846,1.010000,-66.010000,5,6.078116
831956.817656,1644325.411846,1.010000,-66.010000,5,6.068047
831956.817656,1644325.411846,1.010000,-66.010000,5,6.059589
831956.817656,1644325.411846,1.010000,-66.010000,5,6.052485
831956.817656,1644325.411846,1.010000,-66.010000,5,6.046517
831957.197587,1644324.468760,1.010000,-66.210000,5,6.116473
831957.197587,1644324.468760,1.010000,-66.210000,5,6.175237
831957.197587,1644324.468760,1.010000,-66.210000,5,6.224598
831957.197587,1644324.468760,1.010000,-66.210000,5,6.266062
831957.197587,1644324.468760,1.010000,-66.210000,5,6.300891
831957.197587,1644324.468760,1.010000,-66.210000,5,6.330148
831957.197587,1644324.468760,1.010000,-66.210000,5,6.354723
831957.197587,1644324.468760,1.010000,-66.210000,5,6.375367
831957.197587,1644324.468760,1.010000,-66.210000,5,6.392707
831957.197587,1644324.468760,1.010000,-66.210000,5,6.407273
831957.197587,1644324.468760,1.010000,-66.210000,5,6.419509
831957.197587,1644324.468760,1.010000,-66.210000,5,6.429787
831957.197587,1644324.468760,1.010000,-66.210000,5,6.438420
831957.197587,1644324.468760,1.010000,-66.210000,5,6.445672
831957.197587,1644324.468760,1.010000,-66.210000,5,6.451764
831957.197587,1644324.468760,1.010000,-66.210000,5,6.456881
831957.197587,1644324.468760,1.010000,-66.210000,5,6.461179
831957.197587,1644324.468760,1.010000,-66.210000,5,6.464790
831957.197587,1644324.468760,1.010000,-66.210000,5,6.467823
831957.197587,1644324.468760,1.010000,-66.210000,5,6.470370
831957.619781,1644323.540448,1.020000,-63.560000,5,6.092510
831957.619781,1644323.540448,1.020000,-63.560000,5,5.775108
831957.619781,1644323.540448,1.020000,-63.560000,5,5.508490
831957.619781,1644323.540448,1.020000,-63.560000,5,5.284531
831957.619781,1644323.540448,1.020000,-63.560000,5,5.096405
831957.619781,1644323.540448,1.020000,-63.560000,5,4.938380
831957.619781,1644323.540448,1.020000,-63.560000,5,4.805638
831957.619781,1644323.540448,1.020000,-63.560000,5,4.694135
831957.619781,1644323.540448,1.020000,-63.560000,5,4.600473
831957.619781,1644323.540448,1.020000,-63.560000,5,4.521796
831957.619781,1644323.540448,1.020000,-63.560000,5,4.455708
831957.619781,1644323.540448,1.020000,-63.560000,5,4.400194
831957.619781,1644323.540448,1.020000,-63.560000,5,4.353562
831957.619781,1644323.540448,1.020000,-63.560000,5,4.314392
831957.619781,1644323.540448,1.020000,-63.560000,5,4.281488
831957.619781,1644323.540448,1.020000,-63.560000,5,4.253849
831957.619781,1644323.540448,1.020000,-63.560000,5,4.230633
831957.619781,1644323.540448,1.020000,-63.560000,5,4.211131
831957.619781,1644323.540448,1.020000,-63.560000,5,4.194749
831957.619781,1644323.540448,1.020000,-63.560000,5,4.180989
831958.115910,1644322.647197,1.020000,-59.670000,5,3.630989
831958.115910,1644322.647197,1.020000,-59.670000,5,3.080989
831958.115910,1644322.647197,1.020000,-59.670000,5,2.529106
831958.115910,1644322.647197,1.020000,-59.670000,5,2.046343
831958.115910,1644322.647197,1.020000,-59.670000,5,1.640822
831958.115910,1644322.647197,1.020000,-59.670000,5,1.300184
831958.115910,1644322.647197,1.020000,-59.670000,5,1.014048
831958.115910,1644322.647197,1.020000,-59.670000,5,0.773694
831958.115910,1644322.647197,1.020000,-59.670000,5,0.571797
831958.115910,1644322.647197,1.020000,-59.670000,5,0.402203
831958.115910,1644322.647197,1.020000,-59.670000,5,0.259744
831958.115910,1644322.647197,1.020000,-59.670000,5,0.140079
831958.115910,1644322.647197,1.020000,-59.670000,5,0.039560
831958.115910,1644322.647197,1.020000,-59.670000,5,-0.044876
831958.115910,1644322.647197,1.020000,-59.670000,5,-0.115802
831958.115910,1644322.647197,1.020000,-59.670000,5,-0.175380
831958.115910,1644322.647197,1.020000,-59.670000,5,-0.225425
831958.115910,1644322.647197,1.020000,-59.670000,5,-0.267464
831958.115910,1644322.647197,1.020000,-59.670000,5,-0.302776
831958.115910,1644322.647197,1.020000,-59.670000,5,-0.332438
831958.583700,1644321.747851,1.020000,-62.620000,5,-0.249013
831958.583700,1644321.747851,1.020000,-62.620000,5,-0.178936
831958.583700,1644321.747851,1.020000,-62.620000,5,-0.120072
831958.583700,1644321.747851,1.020000,-62.620000,5,-0.070626
831958.583700,1644321.747851,1.020000,-62.620000,5,-0.029091
831958.583700,1644321.747851,1.020000,-62.620000,5,0.005798
831958.583700,1644321.747851,1.020000,-62.620000,5,0.035105
831958.583700,1644321.747851,1.020000,-62.620000,5,0.059723
831958.583700,1644321.747851,1.020000,-62.620000,5,0.080402
831958.583700,1644321.747851,1.020000,-62.620000,5,0.097772
831958.583700,1644321.747851,1.020000,-62.620000,5,0.112363
831958.583700,1644321.747851,1.020000,-62.620000,5,0.124620
831958.583700,1644321.747851,1.020000,-62.620000,5,0.134915
831958.583700,1644321.747851,1.020000,-62.620000,5,0.143563
831958.583700,1644321.747851,1.020000,-62.620000,5,0.150828
831958.583700,1644321.747851,1.020000,-62.620000,5,0.156930
831958.583700,1644321.747851,1.020000,-62.620000,5,0.162056
831958.583700,1644321.747851,1.020000,-62.620000,5,0.166362
831958.583700,1644321.747851,1.020000,-62.620000,5,0.169978
831958.583700,1644321.747851,1.020000,-62.620000,5,0.173016
831959.054965,1644321.092212,0.800000,-54.250000,5,-0.376984
831959.054965,1644321.092212,0.800000,-54.250000,5,-0.928053
831959.054965,1644321.092212,0.800000,-54.250000,5,-1.479108
831959.054965,1644321.092212,0.800000,-54.250000,5,-2.029434
831959.054965,1644321.092212,0.800000,-54.250000,5,-2.589863
831959.054965,1644321.092212,0.800000,-54.250000,5,-3.139863
831959.054965,1644321.092212,0.800000,-54.250000,5,-3.691344
831959.054965,1644321.092212,0.800000,-54.250000,5,-4.241838
831959.054965,1644321.092212,0.800000,-54.250000,5,-4.802263
831959.054965,1644321.092212,0.800000,-54.250000,5,-5.352263
831959.054965,1644321.092212,0.800000,-54.250000,5,-5.904335
831959.054965,1644321.092212,0.800000,-54.250000,5,-6.454335
831959.054965,1644321.092212,0.800000,-54.250000,5,-6.939169
831959.054965,1644321.092212,0.800000,-54.250000,5,-7.346430
831959.054965,1644321.092212,0.800000,-54.250000,5,-7.688530
831959.054965,1644321.092212,0.800000,-54.250000,5,-7.975893
831959.054965,1644321.092212,0.800000,-54.250000,5,-8.217278
831959.054965,1644321.092212,0.800000,-54.250000,5,-8.420042
831959.054965,1644321.092212,0.800000,-54.250000,5,-8.590363
831959.054965,1644321.092212,0.800000,-54.250000,5,-8.733433
831959.207941,1644320.836163,0.300000,-59.930000,5,-8.183433
831959.207941,1644320.836163,0.300000,-59.930000,5,-7.679160
831959.207941,1644320.836163,0.300000,-59.930000,5,-7.255570
831959.207941,1644320.836163,0.300000,-59.930000,5,-6.899754
831959.207941,1644320.836163,0.300000,-59.930000,5,-6.600870
831959.207941,1644320.836163,0.300000,-59.930000,5,-6.349806
831959.207941,1644320.836163,0.300000,-59.930000,5,-6.138913
831959.207941,1644320.836163,0.300000,-59.930000,5,-5.961763
831959.207941,1644320.836163,0.300000,-59.930000,5,-5.812956
831959.207941,1644320.836163,0.300000,-59.930000,5,-5.687959
831959.207941,1644320.836163,0.300000,-59.930000,5,-5.582962
831959.207941,1644320.836163,0.300000,-59.930000,5,-5.494763
831959.207941,1644320.836163,0.300000,-59.930000,5,-5.420677
831959.207941,1644320.836163,0.300000,-59.930000,5,-5.358445
831959.207941,1644320.836163,0.300000,-59.930000,5,-5.306169
831959.207941,1644320.836163,0.300000,-59.930000,5,-5.262258
831959.207941,1644320.836163,0.300000,-59.930000,5,-5.225372
831959.207941,1644320.836163,0.300000,-59.930000,5,-5.194389
831959.207941,1644320.836163,0.300000,-59.930000,5,-5.168362
831959.207941,1644320.836163,0.300000,-59.930000,5,-5.146500
831959.207941,1644320.836163,0.300000,-59.930000,5,-5.128136
831959.207941,1644320.836163,0.300000,-59.930000,5,-5.112710
831959.207941,1644320.836163,0.300000,-59.930000,5,-5.099752
831959.207941,1644320.836163,0.300000,-59.930000,5,-5.088868
831959.207941,1644320.836163,0.300000,-59.930000,5,-5.079725
831959.207941,1644320.836163,0.300000,-59.930000,5,-5.072044
831959.207941,1644320.836163,0.300000,-59.930000,5,-5.065593
831959.207941,1644320.836163,0.300000,-59.930000,5,-5.060174
831959.207941,1644320.836163,0.300000,-59.930000,5,-5.055622
831959.207941,1644320.836163,0.300000,-59.930000,5,-5.051798
831959.207941,1644320.836163,0.300000,-59.930000,5,-5.048586
831959.207941,1644320.836163,0.300000,-59.930000,5,-5.045888
831959.207941,1644320.836163,0.300000,-59.930000,5,-5.043622
831959.207941,1644320.836163,0.300000,-59.930000,5,-5.041718
831959.207941,1644320.836163,0.300000,-59.930000,5,-5.040119
831959.207941,1644320.836163,0.300000,-59.930000,5,-5.038776
831959.207941,1644320.836163,0.300000,-59.930000,5,-5.037648
831959.207941,1644320.836163,0.300000,-59.930000,5,-5.036700
831959.207941,1644320.836163,0.300000,-59.930000,5,-5.035904
831959.207941,1644320.836163,0.300000,-59.930000,5,-5.035235
831959.207941,1644320.836163,0.000000,-59.930000,5,-5.034673
831959.207941,1644320.836163,0.000000,-59.930000,5,-5.034201
831959.207941,1644320.836163,0.000000,-59.930000,5,-5.033805
831959.207941,1644320.836163,0.000000,-59.930000,5,-5.033472
831959.207941,1644320.836163,0.000000,-59.930000,5,-5.033192
831959.207941,1644320.836163,0.000000,-59.930000,5,-5.032957
831959.207941,1644320.836163,0.000000,-59.930000,5,-5.032760
831959.207941,1644320.836163,0.000000,-59.930000,5,-5.032594
831959.207941,1644320.836163,0.000000,-59.930000,5,-5.032455
831959.207941,1644320.836163,0.000000,-59.930000,5,-5.032338
831959.207941,1644320.836163,0.000000,-59.930000,5,-5.032240
831959.207941,1644320.836163,0.000000,-59.930000,5,-5.032157
831959.207941,1644320.836163,0.000000,-59.930000,5,-5.032088
831959.207941,1644320.836163,0.000000,-59.930000,5,-5.032029
831959.207941,1644320.836163,0.000000,-59.930000,5,-5.031981
831959.207941,1644320.836163,0.000000,-59.930000,5,-5.031939
831959.207941,1644320.836163,0.000000,-59.930000,5,-5.031905
831959.207941,1644320.836163,0.000000,-59.930000,5,-5.031876
831959.207941,1644320.836163,0.000000,-59.930000,5,-5.031852
831959.207941,1644320.836163,0.000000,-59.930000,5,-5.031831
831959.207941,1644320.836163,0.000000,-59.930000,5,-5.031814
831959.207941,1644320.836163,0.000000,-59.930000,5,-5.031800
831959.207941,1644320.836163,0.000000,-59.930000,5,-5.031787
831959.207941,1644320.836163,0.000000,-59.930000,5,-5.031777
831959.207941,1644320.836163,0.000000,-59.930000,5,-5.031769
831959.207941,1644320.836163,0.000000,-59.930000,5,-5.031761
831959.207941,1644320.836163,0.000000,-59.930000,5,-5.031755
831959.207941,1644320.836163,0.000000,-59.930000,5,-5.031750
831959.207941,1644320.836163,0.000000,-59.930000,5,-5.031746
831959.207941,1644320.836163,0.000000,-59.930000,5,-5.031743
831959.207941,1644320.836163,0.000000,-59.930000,5,-5.031739
831959.207941,1644320.836163,0.000000,-59.930000,5,-5.031737
831959.207941,1644320.836163,0.000000,-59.930000,5,-5.031735
831959.207941,1644320.836163,0.000000,-59.930000,5,-5.031733
