x,y
831865.590205035,1644140.871314564
831864.891567766,1644140.750904040
831863.731221610,1644140.517046551
831862.774723967,1644140.345077923
831861.789450580,1644140.176404162
831860.803922352,1644140.026187634
831859.975462946,1644139.944598386
831859.143056173,1644139.888799670
831858.313220655,1644139.906879348
831857.490056664,1644139.961972600
831856.673768071,1644140.039313666
831855.860662347,1644140.146235849
831855.050841430,1644140.275356272
831854.241581163,1644140.363870885
831853.432320907,1644140.452385525
831852.612288874,1644140.540751468
831851.792307820,1644140.625425998
831850.979558936,1644140.706508264
831850.166810063,1644140.787590555
831849.329232824,1644140.846177224
831848.498785822,1644140.908554506
831847.668440761,1644140.963548936
831846.831016449,1644141.011061369
831845.990103483,1644141.051141378
831845.159707487,1644141.109827334
831844.325822835,1644141.161080865
831843.495426858,1644141.219766874
831842.664877997,1644141.289527229
831841.830585657,1644141.370312357
831841.006912222,1644141.462320547
831840.183085904,1644141.565403081
831839.366287898,1644141.679659103
831838.552978572,1644141.801347600
831837.746646594,1644141.937901024
831836.943956189,1644142.070812607
831836.144754467,1644142.211156665
831835.338371568,1644142.351401603
831834.532039647,1644142.487955128
831833.725809669,1644142.617125801
831832.919528741,1644142.749987938
831832.109759160,1644142.875417651
831831.307272709,1644142.993563654
831830.512018424,1644143.108117384
831829.734768091,1644143.219227555
831828.968289558,1644143.330486461
831828.205452593,1644143.438103523
831827.453336463,1644143.549560759
831826.708248647,1644143.672191472
831825.959417362,1644143.805846953
831825.217716316,1644143.943293034
831824.500843675,1644144.103234759
831823.790999349,1644144.274349958
831823.088387189,1644144.441872878
831822.389467562,1644144.602062510
831821.697525289,1644144.777117054
831821.013019028,1644144.933813561
831820.342824198,1644145.094399802
831819.686940796,1644145.258875775
831819.045317861,1644145.430932920
831818.393076041,1644145.591767059
831817.715547188,1644145.763328547
831817.002163368,1644145.930702923
831816.274366222,1644146.101570481
831815.517844337,1644146.272041507
831814.746807209,1644146.453388595
831813.968537948,1644146.638328007
831813.197297010,1644146.834440894
831812.418772981,1644147.037837541
831811.633067780,1644147.241135075
831810.847260679,1644147.451815510
831810.065044190,1644147.662545536
831809.282776759,1644147.876967021
831808.485994093,1644148.102264573
831807.699881307,1644148.335093728
831806.928181876,1644148.564429737
831806.163612691,1644148.797556341
831805.409917225,1644149.023448792
831804.649142511,1644149.241859254
831803.895447084,1644149.467751749
831803.138110124,1644149.697286134
831802.377233547,1644149.923079536
831801.602096532,1644150.141291815
831800.848554055,1644150.356110080
831800.091624838,1644150.556113047
831799.324178652,1644150.737510146
831798.553192849,1644150.915166264
831797.782359936,1644151.081748090
831797.008089320,1644151.237206059
831796.233971594,1644151.381589736
831795.467136983,1644151.518689693
831794.718306309,1644151.652346064
831793.969679479,1644151.771236705
831793.210586629,1644151.867830047
831792.437488121,1644151.938385086
831791.657412268,1644151.994075267
831790.845326836,1644152.027170759
831790.018980956,1644152.052685141
831789.199867225,1644152.074607242
831788.376908125,1644152.114936995
831787.543330126,1644152.144043769
831786.716933321,1644152.173249700
831785.894025202,1644152.209888098
831785.056754722,1644152.246328267
831784.233948534,1644152.275583845
831783.410989484,1644152.315913764
831782.584490808,1644152.352502710
831781.761531776,1644152.392832685
831780.942112389,1644152.436903688
831780.115511826,1644152.480875591
831779.296041502,1644152.528638086
831778.472827728,1644152.587425358
831777.645870507,1644152.657237405
831776.822401977,1644152.734481918
831775.998780593,1644152.822800769
831775.175108266,1644152.914811085
831774.358617134,1644153.006920554
831773.542227925,1644153.091647175
831772.715219814,1644153.165150824
831771.877541847,1644153.231122938
831771.039965800,1644153.289712206
831770.184589667,1644153.336979381
831769.318543676,1644153.376715024
831768.448958057,1644153.412709699
831767.575883763,1644153.441271969
831766.692139610,1644153.462302710
831765.808497372,1644153.475950610
831764.917877772,1644153.474733672
831764.020178902,1644153.466034771
831763.122632898,1644153.446261591
831762.221598214,1644153.419056011
831761.324256032,1644153.384517151
831760.437685631,1644153.350127007
831759.558347368,1644153.312144581
831758.679111014,1644153.266779315
831757.803567161,1644153.214080768
831756.920791175,1644153.164974571
831756.030935914,1644153.108386413
831755.137693870,1644153.036982983
831754.233680054,1644152.965430907
831753.322536009,1644152.890088309
831752.407903278,1644152.807313315
831751.489730908,1644152.720797360
831750.571405685,1644152.645355751
831749.656722006,1644152.566272300
831748.742038326,1644152.487188886
831747.827354649,1644152.408105508
831746.909131332,1644152.325281172
831745.983828735,1644152.234974881
831745.055037447,1644152.137236196
831744.126348059,1644152.032114675
831743.197811521,1644151.915918883
831742.269376881,1644151.792340256
831741.344634730,1644151.661428350
831740.419994475,1644151.523133612
831739.491916474,1644151.373715043
831738.563889418,1644151.220605077
831737.639452950,1644151.067544706
831736.718658017,1644150.910842492
831735.805095210,1644150.750547995
831734.895122988,1644150.590303092
831733.992433842,1644150.422774467
831733.093437178,1644150.247912562
831732.198132996,1644150.065717378
831731.310060938,1644149.879929906
831730.443481472,1644149.698131242
831729.591315312,1644149.512839400
831728.753562458,1644149.324054379
831727.930171962,1644149.135467613
831727.117502284,1644148.950720981
831726.315655321,1644148.762431608
831725.531659413,1644148.581772913
831724.761822075,1644148.416078211
831724.013426385,1644148.258063737
831723.286472343,1644148.107729491
831722.570188176,1644147.964926806
831721.860983295,1644147.829606124
831721.162550183,1644147.694434130
831720.467656713,1644147.563003147
831719.783433121,1644147.439103721
831719.113571890,1644147.315402533
831718.451044677,1644147.180726166
831717.788721243,1644147.031284078
831717.119471350,1644146.863285725
831716.422006178,1644146.657976606
831715.674731231,1644146.418750837
831714.902831588,1644146.142263861
831714.106205357,1644145.835898553
831713.288392179,1644145.503395905
831712.459960045,1644145.159670322
831711.653173331,1644144.808859220
831710.835563880,1644144.461590927
831710.021595946,1644144.110680784
831709.200293977,1644143.770745874
831708.386020340,1644143.441984408
831707.564463614,1644143.120506739
831706.749935221,1644142.810202512
831705.938793628,1644142.514713611
831705.131293554,1644142.215582859
831704.313021690,1644141.916303483
831703.483621433,1644141.642715529
831702.650579628,1644141.372769491
831701.817486865,1644141.106514919
831700.991320556,1644140.858816658
831700.161512700,1644140.614760314
831699.342527552,1644140.367161221
831698.516208381,1644140.130537362
831697.682606129,1644139.901197302
831696.841720800,1644139.679141042
831696.000631690,1644139.471850556
831695.148770797,1644139.264411450
831694.307681670,1644139.057121028
831693.455718875,1644138.857064857
831692.596625830,1644138.653218184
831691.744612077,1644138.456853515
831690.892496435,1644138.267871748
831690.022224060,1644138.093408004
831689.162672513,1644137.922784378
831688.302968136,1644137.763235089
831687.432491978,1644137.603537185
831686.565708289,1644137.436505995
831685.691692470,1644137.273067176
831684.813984173,1644137.116961710
831683.918322912,1644136.960608535
831683.011737051,1644136.815181054
831682.090483178,1644136.691704022
831681.179899199,1644136.575758541
831680.254749092,1644136.474380639
831679.340116060,1644136.391608593
831678.457594597,1644136.324048251
831677.574869378,1644136.271253682
831676.695530997,1644136.233274431
831675.826658761,1644136.217592462
831674.968354547,1644136.216824906
831674.088506789,1644136.215760096
831673.226611996,1644136.214943054
831672.364666269,1644136.217817477
831671.513594202,1644136.213457702
831670.662624018,1644136.201715089
831669.804472656,1644136.189873416
831668.931958934,1644136.177833587
831668.077398175,1644136.166041520
831667.219195893,1644136.157891369
831666.357352088,1644136.153383138
831665.506330999,1644136.145332144
831664.662491099,1644136.137380273
831663.782898104,1644136.117858672
831662.892686151,1644136.087114163
831662.005962922,1644136.063802100
831661.122473732,1644136.066379652
831660.242320457,1644136.087463951
831659.243321128,1644136.132753343
831658.243965254,1644136.203882808
831657.251535895,1644136.293568567
831656.086096018,1644136.428864871
831654.920554288,1644136.571544082
831653.912845775,1644136.727477601
831652.919346837,1644136.894683633
831651.911281811,1644137.076457257
831651.093874676,1644137.235016723
831650.304988541,1644137.408738300
831649.461988888,1644137.600173916
831648.633096941,1644137.810264900
831647.811335260,1644138.024146432
831646.978801827,1644138.237879358
831646.120981476,1644138.462339806
831645.313429413,1644138.687493886
831644.488077222,1644138.901325975
831643.669702496,1644139.130022909
831642.850971251,1644139.384559903
831642.032036295,1644139.653862655
831641.198586198,1644139.934041562
831640.368421112,1644140.236418637
831639.541693841,1644140.549919578
831638.711325073,1644140.867062435
831637.877212943,1644141.195230075
831637.042846175,1644141.541854906
831636.204736044,1644141.899504520
831635.359393831,1644142.260746507
831634.517642237,1644142.622038061
831633.672401950,1644142.975897232
831632.823622038,1644143.326015453
831631.967660977,1644143.676034617
831631.111750877,1644144.022362372
831630.252301151,1644144.364949180
831629.392851454,1644144.707536013
831628.540633897,1644145.046530520
831627.695546616,1644145.389315567
831626.853999021,1644145.735841613
831626.015991112,1644146.086108656
831625.206758872,1644146.433080613
831624.462513770,1644146.755104284
831623.768536933,1644147.077821535
831623.103539484,1644147.382477959
831622.456444068,1644147.691073535
831621.802167496,1644147.999570048
831621.097266190,1644148.333213047
831620.389079902,1644148.644657924
831619.724184414,1644148.941931558
831619.084677715,1644149.221094821
831618.456044663,1644149.493023853
831617.831155011,1644149.753928142
831617.177591603,1644150.010744698
831616.491763850,1644150.263423982
831615.777262342,1644150.512015537
831615.045011637,1644150.745593686
831614.359947889,1644150.942901529
831613.650004695,1644151.121405458
831612.845993225,1644151.350301462
831612.045470504,1644151.586629892
831611.237511981,1644151.841316432
831610.357232432,1644152.131926551
831609.462081265,1644152.459252874
831608.592267961,1644152.772160264
831607.664801574,1644153.099040806
831606.704867148,1644153.436549835
831605.719544001,1644153.792169295
831604.726836002,1644154.162455443
831603.726845009,1644154.540025415
831602.730291858,1644154.928719259
831601.693936724,1644155.339016827
831600.607007856,1644155.770769513
831599.473197699,1644156.216643990
831598.296045918,1644156.680381234
831597.086629838,1644157.139981262
831595.877570306,1644157.573741316
831594.701233520,1644157.978415789
831593.550438304,1644158.353905605
831592.454011192,1644158.693224183
831591.379382271,1644159.014382860
831590.326398758,1644159.328455931
831589.277158646,1644159.631504282
831588.228071350,1644159.923478379
831587.146719746,1644160.211315269
831586.043926517,1644160.491472130
831584.934003080,1644160.767838534
831583.806126751,1644161.043957312
831582.674608948,1644161.323718033
831581.553710161,1644161.614701698
831580.461383315,1644161.917155979
831579.372443390,1644162.234425565
831578.297814918,1644162.555584764
831577.230367652,1644162.876843072
831576.159482612,1644163.186977595
831575.070746535,1644163.489481629
831573.993087795,1644163.769985717
831572.929791427,1644164.050687979
831571.873676262,1644164.331489348
831570.828281961,1644164.616130788
831569.815101104,1644164.908600926
831568.812692031,1644165.201219700
831567.821207512,1644165.482912812
831566.826336134,1644165.749790705
831565.831770326,1644165.994520047
831564.819862702,1644166.194704591
831563.797437968,1644166.376283422
831562.750235630,1644166.531675553
831561.703287929,1644166.668610570
831560.652851513,1644166.798113234
831559.602364193,1644166.931307374
831558.537310874,1644167.079069159
831557.486416224,1644167.241794836
831556.438908494,1644167.419335811
831555.401968852,1644167.611791143
831554.379136960,1644167.822901792
831553.388569423,1644168.038149686
831552.412160560,1644168.268361461
831551.457244301,1644168.502561883
831550.509305551,1644168.751627123
831549.550442317,1644169.011618103
831548.601994417,1644169.297597721
831547.657035287,1644169.591009762
831546.708078241,1644169.913903753
831545.762457208,1644170.255304460
831544.830893019,1644170.619051902
831543.906510028,1644170.982898430
831543.003365046,1644171.369190745
831542.125201417,1644171.766904080
831541.268224879,1644172.190754628
831540.417971268,1644172.647927136
831539.588802910,1644173.138619714
831538.759176316,1644173.662535189
831537.932732987,1644174.216031659
831537.124089850,1644174.780850081
831536.340529908,1644175.349706650
831535.564049330,1644175.926045154
831534.798085944,1644176.520989412
831534.042792503,1644177.123465131
831533.301810507,1644177.729830407
831532.567806039,1644178.351060476
831531.840626342,1644178.998229627
831531.117037267,1644179.645448321
831530.404016301,1644180.307581333
831529.705154022,1644180.984678187
831529.024091931,1644181.673096980
831528.350312875,1644182.354231979
831527.690794344,1644183.042947958
831527.041996674,1644183.735503959
831526.385916043,1644184.435343778
831525.747890183,1644185.128048379
831525.124023008,1644185.835716817
831524.518006932,1644186.551015757
831523.929841953,1644187.273945198
831523.337984596,1644188.004207983
831522.756593505,1644188.756767935
831522.167970373,1644189.512920272
831521.579296359,1644190.272764048
831520.994060205,1644191.043731646
831520.440935627,1644191.829910707
831519.909150883,1644192.631152649
831519.409579544,1644193.440223190
831518.953095174,1644194.249888046
831518.514563722,1644195.059800534
831518.086956782,1644195.858787313
831517.634419489,1644196.642661694
831517.178291645,1644197.426486552
831516.735966051,1644198.251115246
831516.297180142,1644199.079484899
831515.861984834,1644199.907904079
831515.444589692,1644200.747645181
831515.034375729,1644201.587485336
831514.599536914,1644202.390064514
831514.168288700,1644203.192693220
831513.736887761,1644204.006396219
831513.323439728,1644204.820346846
831512.906350228,1644205.637939380
831512.488955254,1644206.477680497
831512.057045252,1644207.328297805
831511.628573102,1644208.190038930
831511.185585923,1644209.062656247
831510.753217750,1644209.946496430
831510.331570412,1644210.834176621
831509.924285403,1644211.722054915
831509.531209969,1644212.621205599
831509.155985603,1644213.527986769
831508.794919894,1644214.449731760
831508.448165589,1644215.375366280
831508.122802005,1644216.312372240
831507.804670504,1644217.245785820
831507.500901318,1644218.179397499
831507.215034104,1644219.116948233
831506.929217821,1644220.050807536
831506.646941211,1644220.988407793
831506.368204274,1644221.929749005
831506.085774946,1644222.878423551
831505.799755058,1644223.827048572
831505.531433472,1644224.794378366
831505.266651557,1644225.765449114
831505.005307482,1644226.747643675
831504.765455940,1644227.733826814
831504.532836472,1644228.716417572
831504.293239531,1644229.684143560
831504.061027409,1644230.637202878
831503.843330335,1644231.579386004
831503.639995557,1644232.521767229
831503.465283529,1644233.471927510
831503.333556538,1644234.430064946
831503.255433545,1644235.407402401
831503.231067291,1644236.392865587
831503.256969030,1644237.379022120
831503.333138757,1644238.365872002
831503.463217952,1644239.349773329
831503.625714098,1644240.326737525
831503.816985707,1644241.300406494
831504.033493121,1644242.267039284
831504.268055194,1644243.226536845
831504.506156894,1644244.189775368
831504.787498158,1644245.142533912
831505.072429965,1644246.095341989
831505.346640949,1644247.044310067
831505.606387793,1644248.000462911
831505.877160900,1644248.938307189
831506.101001987,1644249.893964794
831506.310429853,1644250.853115732
831506.523397348,1644251.816007631
831506.747492944,1644252.753208104
831507.005178374,1644254.119159248
831507.262914688,1644255.481418970
831507.524241538,1644256.843728224
831507.771206081,1644258.205839382
831508.003502814,1644259.589901022
831508.176872004,1644260.559631044
831508.353984491,1644261.518336307
831508.531249709,1644262.465967284
831508.665224426,1644263.427769669
831508.799453711,1644264.371114908
831508.915882892,1644265.303138228
831509.025130919,1644266.235062499
831509.120118495,1644267.159405807
831509.255009638,1644268.054762469
831509.389900762,1644268.950119134
831509.528433356,1644269.841833899
831509.659886633,1644270.726066754
831509.798521027,1644271.610398665
831509.937155405,1644272.494730580
831510.061376582,1644273.382555821
831510.185699579,1644274.262998204
831510.299403617,1644275.132217720
831510.409517073,1644276.001387712
831510.533890938,1644276.878138675
831510.672627049,1644277.755087750
831510.825725405,1644278.632234936
831511.000316219,1644279.513370718
831511.178497579,1644280.394556032
831511.360371320,1644281.268408018
831511.542346879,1644282.134877148
831511.720731853,1644283.001296755
831511.899116808,1644283.867716366
831512.084733791,1644284.730543607
831512.259528142,1644285.596913700
831512.437760280,1644286.474407616
831512.623071689,1644287.359383452
831512.808281239,1644288.251742153
831512.986309642,1644289.144001803
831513.164388944,1644290.032570027
831513.346058788,1644290.921187783
831513.524087128,1644291.813447447
831513.687753195,1644292.705509003
831513.872809863,1644293.608942023
831514.061355235,1644294.519807435
831514.253643906,1644295.419648091
831514.449523119,1644296.319538279
831514.659866403,1644297.212243724
831514.863181296,1644298.093775828
831515.081062096,1644298.960740329
831515.295352311,1644299.827655308
831515.516925469,1644300.687286488
831515.752809932,1644301.550807219
831516.006799943,1644302.403501308
831516.260789929,1644303.256195404
831516.525857099,1644304.086889510
831516.801797770,1644304.910349349
831517.088713782,1644305.719192060
831517.372090127,1644306.524293820
831517.677060736,1644307.326001331
831518.014244530,1644308.135537474
831518.376765907,1644308.930654609
831518.764523024,1644309.718735598
831519.184646082,1644310.503570931
831519.633646356,1644311.277728222
831520.111472924,1644312.044898903
831520.614433384,1644312.812416307
831521.142578654,1644313.576589005
831521.706884099,1644314.322799866
831522.299964910,1644315.065715558
831522.896738087,1644315.801297940
831523.511565869,1644316.529745133
831524.137267137,1644317.250958079
831524.777279683,1644317.976060601
831525.420984593,1644318.693829819
831526.078949858,1644319.419180045
831526.751430088,1644320.133654127
831527.438374362,1644320.840943498
831528.125420441,1644321.540850036
831528.823289079,1644322.237213765
831529.517719886,1644322.922453697
831530.190505451,1644323.614779331
831530.866779690,1644324.314537384
831531.532282212,1644325.014146871
831532.187013018,1644325.713607790
831532.859849349,1644326.402242101
831533.568794924,1644327.076606036
831534.296049720,1644327.725377644
831535.037666712,1644328.374347411
831535.801030712,1644329.008848677
831536.553775770,1644329.632127083
831537.288517074,1644330.258849289
831538.008794258,1644330.892756258
831538.732916586,1644331.508255634
831539.449908685,1644332.119964544
831540.177672424,1644332.731822081
831540.919951133,1644333.332803487
831541.673001480,1644333.933933524
831542.425899016,1644334.546137886
831543.182336148,1644335.162083243
831543.938926021,1644335.766954338
831544.688487520,1644336.360652103
831545.438150834,1644336.946967036
831546.187966889,1644337.522207708
831546.930703645,1644338.089966478
831547.680570558,1644338.661515779
831548.434027995,1644339.233114644
831549.173174095,1644339.800823970
831549.912422015,1644340.361150464
831550.655311386,1644340.917835091
831551.394661093,1644341.470778781
831552.130369285,1644342.027364398
831552.866077444,1644342.583950043
831553.601683717,1644343.147918581
831554.333648473,1644343.715529045
831555.021966311,1644344.323150855
831555.706642631,1644344.934414588
831556.391267991,1644345.549369780
831557.075995171,1644346.156942138
831557.757182689,1644346.760773555
831558.474785019,1644347.328186042
831559.192438245,1644347.891907126
831559.910091438,1644348.455628238
831560.624103114,1644349.022991274
831561.341654387,1644349.594095306
831562.051973585,1644350.168791725
831562.758651266,1644350.747130065
831563.465227056,1644351.332851297
831564.168212257,1644351.918523021
831564.871299283,1644352.496811908
831565.577976832,1644353.075150361
831566.284705280,1644353.649797408
831566.998869453,1644354.206086399
831567.720367495,1644354.751400199
831568.434735326,1644355.292923519
831569.167259624,1644355.819928830
831569.914247973,1644356.339749458
831570.661338152,1644356.852187252
831571.404786817,1644357.368266969
831572.155467494,1644357.880754360
831572.906199072,1644358.389550349
831573.660521174,1644358.898395909
831574.422024359,1644359.407340576
831575.183578445,1644359.912593841
831575.955955099,1644360.414304321
831576.724741169,1644360.915965294
831577.493578140,1644361.413934866
831578.255233972,1644361.911805390
831579.031404791,1644362.398799806
831579.807575582,1644362.885794254
831580.583797277,1644363.369097301
831581.360069874,1644363.848708947
831582.147114108,1644364.328469246
831582.926926272,1644364.811821927
831583.710430828,1644365.287841317
831584.497525910,1644365.763910278
831585.281030410,1644366.239929730
831586.057353773,1644366.715850132
831586.840909150,1644367.188178216
831587.628105988,1644367.656864441
831588.411712245,1644368.125501155
831589.199061830,1644368.583113146
831589.986462321,1644369.037033734
831590.770272231,1644369.490904813
831591.561212290,1644369.948566441
831592.370105092,1644370.406475813
831593.189922333,1644370.853459545
831594.024356435,1644371.282184317
831594.880588509,1644371.692749214
831595.744409142,1644372.073881770
831596.608688165,1644372.421791469
831597.469733159,1644372.743811629
831598.338315787,1644373.040090882
831599.199971967,1644373.317813919
831600.054650765,1644373.580672175
831600.916714397,1644373.828863820
831601.789549681,1644374.077204129
831602.655305716,1644374.318062521
831603.532088081,1644374.540612414
831604.412562861,1644374.755829020
831605.293139505,1644374.963662795
831606.177459501,1644375.160471851
831607.076090767,1644375.361170553
831607.967489980,1644375.565461635
831608.866019357,1644375.773543275
831609.764446850,1644375.989007819
831610.666312078,1644376.215596243
831611.568075420,1644376.449567572
831612.469838753,1644376.683538937
831613.367807771,1644376.932226527
831614.280138993,1644377.181112337
831615.196009818,1644377.433739165
831616.112033444,1644377.675291731
831617.035136292,1644377.924326293
831617.969265480,1644378.155052365
831618.896264487,1644378.381987952
831619.827108729,1644378.590515958
831620.754464286,1644378.791611588
831621.685614143,1644378.977991070
831622.609633824,1644379.160580063
831623.533755376,1644379.335786229
831624.447003382,1644379.518226658
831625.371073981,1644379.697124334
831626.295144575,1644379.876022047
831627.226396270,1644380.055018894
831628.168470559,1644380.230472989
831629.107107107,1644380.394803274
831630.038715364,1644380.547960200
831630.988327325,1644380.697673473
831631.948914704,1644380.832769696
831632.916937892,1644380.949507888
831633.899527055,1644381.051678578
831634.903812364,1644381.143072299
831635.911942933,1644381.216058444
831636.916686714,1644381.274229347
831637.914402216,1644381.321226893
831638.926785587,1644381.346274074
831639.942912343,1644381.360296546
831640.959191932,1644381.363244760
831641.986497902,1644381.347884495
831643.021188758,1644381.317857636
831644.048902288,1644381.272965984
831645.066200766,1644381.202085684
831646.069493639,1644381.105167186
831647.051548860,1644380.985802819
831648.044630475,1644380.848129975
831649.034325328,1644380.695641881
831650.016940979,1644380.535671854
831651.003198147,1644380.372059981
831651.989557224,1644380.201065275
831652.947395663,1644380.014908460
831653.901745457,1644379.821319261
831654.838142499,1644379.627482336
831655.760686787,1644379.396532895
831656.672612267,1644379.154360526
831657.581252884,1644378.889990029
831658.486710528,1644378.596038536
831659.403347419,1644378.272704253
831660.312803231,1644377.949270895
831661.222411906,1644377.614763261
831662.121045167,1644377.294872738
831663.019576568,1644376.982365114
831663.918057055,1644376.673548955
831664.827105456,1644376.379647223
831665.739540660,1644376.100560812
831666.662747556,1644375.821623091
831667.574979033,1644375.557302479
831668.476286031,1644375.303907542
831669.374155338,1644375.039388777
831670.275411441,1644374.789685335
831671.183797737,1644374.543772468
831672.102955726,1644374.298008293
831673.043708022,1644374.048850040
831673.977330182,1644373.795901274
831674.907769384,1644373.513371505
831675.831231290,1644373.215976920
831676.751357403,1644372.900075636
831677.653734554,1644372.569160869
831678.556111736,1644372.238246130
831679.458590843,1644371.899948550
831680.357530373,1644371.557910010
831681.238466203,1644371.219315155
831682.123145464,1644370.869695579
831683.015107766,1644370.512792271
831683.910507812,1644370.167012854
831684.805755045,1644369.832307770
831685.718700351,1644369.516307671
831686.631187152,1644369.233530519
831687.539675837,1644368.980235323
831688.455090920,1644368.745496448
831689.381073905,1644368.525672015
831690.296132395,1644368.316773250
831691.207498451,1644368.115207831
831692.133124862,1644367.921223541
831693.051468281,1644367.734523042
831693.962528708,1644367.555106332
831694.906057024,1644367.365061364
831695.863998543,1644367.171523222
831696.807475952,1644366.985169756
831697.761776008,1644366.795273562
831698.712383626,1644366.612710714
831699.637704511,1644366.440875303
831700.551948040,1644366.291039866
831701.473321753,1644366.144995013
831702.398184143,1644366.006382626
831703.330125765,1644365.875252259
831704.265505109,1644365.755245792
831705.200782566,1644365.642622229
831706.121494001,1644365.544566208
831707.038360137,1644365.464917843
831707.955175335,1644365.388960948
831708.875479202,1644365.320436519
831709.810145316,1644365.252110361
831710.762713282,1644365.187723472
831711.711588798,1644365.130669932
831712.671185050,1644365.077456544
831713.623345435,1644365.042601252
831714.568120903,1644365.022412621
831715.505562405,1644365.013199215
831716.443003916,1644365.003985845
831717.372958601,1644365.016822010
831718.306503851,1644365.029707769
831719.239947201,1644365.049976438
831720.191292397,1644365.074184385
831721.135303621,1644365.109367555
831722.068441266,1644365.151784952
831723.016043061,1644365.187017759
831723.956616604,1644365.211077170
831724.886469431,1644365.231296499
831725.819810915,1644365.258948298
831726.763924077,1644365.286748820
831727.697112706,1644365.325475003
831728.644357847,1644365.386548090
831729.591501083,1644365.455004088
831730.545672572,1644365.534633559
831731.496304460,1644365.610522069
831732.439653323,1644365.693694365
831733.379513537,1644365.769434263
831734.326351050,1644365.860039073
831735.269699916,1644365.943211485
831736.223769503,1644366.030224064
831737.177788137,1644366.120928115
831738.131704858,1644366.219015079
831739.074951815,1644366.309570519
831740.010915740,1644366.407409741
831740.939698548,1644366.505149874
831741.879253034,1644366.603038738
831742.818807519,1644366.700927640
831743.761901607,1644366.802557581
831744.712227769,1644366.900595254
831745.666093534,1644367.002373967
831746.619857383,1644367.111535593
831747.577211791,1644367.220746824
831748.545337875,1644367.330106792
831749.517054519,1644367.439516364
831750.492310762,1644367.552666981
831751.467567004,1644367.665817638
831752.446464765,1644367.775326465
831753.425311565,1644367.888526772
831754.407697966,1644368.005468124
831755.386493805,1644368.122359951
831756.372470762,1644368.239350952
831757.351113721,1644368.367317174
831758.322575559,1644368.495184304
831759.293935476,1644368.630434351
831760.258063312,1644368.769276741
831761.215010027,1644368.908020039
831762.168315219,1644369.050405246
831763.114184487,1644369.211148545
831764.042049992,1644369.375335484
831764.973353170,1644369.550646341
831765.900810981,1644369.744364857
831766.817344224,1644369.949009019
831767.727002107,1644370.131405458
831768.654307012,1644370.336198402
831769.577970387,1644370.544633254
831770.498043194,1644370.753018577
831771.418065030,1644370.965095374
831772.323469814,1644371.195431119
831773.211227561,1644371.403370432
831774.073851384,1644371.610962796
831774.907648798,1644371.825541515
831775.730572599,1644372.047354433
831776.549701983,1644372.283883565
831777.354367195,1644372.527597325
831778.162470067,1644372.782434999
831778.984833239,1644373.044853860
831779.792783199,1644373.310765908
831780.597142586,1644373.576628417
831781.397656586,1644373.860898576
831782.194529050,1644374.148810633
831782.977039263,1644374.436524438
831783.763140021,1644374.724287843
831784.556421884,1644375.012150418
831785.349805660,1644375.292630149
831786.139547899,1644375.576751776
831786.933084540,1644375.846157250
831787.723081573,1644376.111821745
831788.509538999,1644376.373745259
831789.281634176,1644376.635470516
831790.046599186,1644376.893405220
831790.804179209,1644377.166006560
831791.561708253,1644377.442299366
831792.304722154,1644377.729468226
831793.062047312,1644378.020526840
831793.822912049,1644378.315326493
831794.580237179,1644378.606385161
831795.355769919,1644378.879234530
831796.134995134,1644379.144750622
831796.910680743,1644379.406525731
831797.686570202,1644379.653535115
831798.487695494,1644379.893508663
831799.274509507,1644380.129592509
831800.068606559,1644380.358392653
831800.866447058,1644380.576168083
831801.664287548,1644380.793943543
831802.451254417,1644381.018953189
831803.245198529,1644381.258827765
831804.038938761,1644381.513468126
831804.832475114,1644381.782874271
831805.625807586,1644382.067046199
831806.411907959,1644382.354810447
831807.190725268,1644382.649858454
831807.962463380,1644382.937424462
831808.727122296,1644383.217508471
831809.488139672,1644383.501234374
831810.245566476,1644383.784910728
831811.010174382,1644384.068686261
831811.799916185,1644384.352808850
831812.575244773,1644384.640424604
831813.343850946,1644384.894718284
831814.108713642,1644385.160036732
831814.873678262,1644385.417972332
831815.627769256,1644385.683142113
831816.403454558,1644385.944917937
831817.218534054,1644386.214622004
831818.044691027,1644386.462326196
831818.860178252,1644386.702498810
831819.665046698,1644386.931448409
831820.470068043,1644387.149323720
831821.264317703,1644387.367050333
831822.087291821,1644387.585173593
831822.946171513,1644387.803792654
831823.837519130,1644388.011783624
831824.761232734,1644388.216529386
831825.706489680,1644388.421572651
831826.648207029,1644388.622874937
831827.597156456,1644388.820584981
831828.545952962,1644389.029369382
831829.483875843,1644389.245387968
831830.414668569,1644389.457615999
831831.345563230,1644389.662461190
831832.272867323,1644389.867256842
831833.204067795,1644390.049953475
831834.142602292,1644390.221674987
831835.099089575,1644390.393644433
831836.070092002,1644390.554737916
831837.059251105,1644390.701313580
831838.059130906,1644390.851729464
831839.073525854,1644390.991269390
831840.080943572,1644391.115944443
831841.106365054,1644391.237176000
831842.139069597,1644391.351123885
831843.182698734,1644391.454146237
831844.233559963,1644391.553576356
831845.302323009,1644391.656945864
831846.367546472,1644391.756574400
831847.432820911,1644391.852511546
831848.508867026,1644391.948597485
831849.596143589,1644392.011609256
831850.676646834,1644392.044990395
831851.735912580,1644392.055925452
831852.781376822,1644392.026056388
831853.809703880,1644391.936876420
831854.820129137,1644391.843757149
831855.823730118,1644391.724698674
831856.838612546,1644391.568874583
831857.857136529,1644391.409408674
831858.875507609,1644391.261017127
831859.901110802,1644391.109033347
831860.933895135,1644390.957148773
831861.962732098,1644390.831054738
831862.987927546,1644390.708602603
831864.002453291,1644390.578618877
831865.013490449,1644390.441202729
831866.013806927,1644390.299946432
831867.014276354,1644390.147615851
831868.004127055,1644389.984062237
831868.990387219,1644389.820459076
831869.966232568,1644389.630867118
831870.927919613,1644389.426311097
831871.882680449,1644389.203198740
831872.848365923,1644388.969160851
831873.821385473,1644388.724147844
831874.804921842,1644388.497740832
831875.809848661,1644388.282705687
831876.836267887,1644388.071659531
831877.869715326,1644387.871786908
831878.910292933,1644387.675704937
831879.936508324,1644387.479424664
831880.962876679,1644387.272070108
831881.985756458,1644387.057283127
831883.012379762,1644386.831471451
831884.024793792,1644386.594387145
831885.040951346,1644386.346278142
831886.042848647,1644386.090587948
831887.030536675,1644385.823625124
831887.993243749,1644385.545240907
831888.963284914,1644385.255881575
831889.912037647,1644384.947767550
831890.853813209,1644384.624788619
831891.791998242,1644384.301760135
831892.723206108,1644383.963866741
831893.657902606,1644383.633405851
831894.606961379,1644383.303143342
831895.556020187,1644382.972880865
831896.505180989,1644382.635235537
831897.454341826,1644382.297590240
831898.385753813,1644381.944931271
831899.317522706,1644381.566432244
831900.249291634,1644381.187933247
831901.195626772,1644380.794866871
831902.156324193,1644380.401998880
831903.109891507,1644380.005340301
831904.056073809,1644379.623348341
831905.002154181,1644379.248739294
831905.916072479,1644378.862609653
831906.808447439,1644378.476182505
831907.700822434,1644378.089755385
831908.578937179,1644377.695747051
831909.460948418,1644377.279639686
831910.350038853,1644376.871014410
831911.250053960,1644376.451463605
831912.157403178,1644376.020937684
831913.072188478,1644375.572053760
831913.983536205,1644375.112045950
831914.895189875,1644374.629889517
831915.799968362,1644374.125485279
831916.712182937,1644373.602723042
831917.631680652,1644373.072677130
831918.551382348,1644372.527865478
831919.471135075,1644371.979362411
831920.390836861,1644371.434550812
831921.292585875,1644370.889491284
831922.190897325,1644370.333307865
831923.074795580,1644369.780617548
831923.948024158,1644369.220395596
831924.814224606,1644368.649000159
831925.659085651,1644368.062541426
831926.478710820,1644367.483118456
831927.280587149,1644366.888681778
831928.064561682,1644366.290305717
831928.834072027,1644365.699114191
831929.592861702,1644365.104082462
831930.337544086,1644364.490395170
831931.067966219,1644363.869126640
831931.776895986,1644363.243869126
831932.471922404,1644362.585190277
831933.159971673,1644361.911646487
831933.837402243,1644361.226879604
831934.507855664,1644360.527247778
831935.164252775,1644359.805268937
831935.802697095,1644359.083042142
831936.423290593,1644358.353184507
831937.036702996,1644357.623227695
831937.639445710,1644356.885739227
831938.235007325,1644356.148151581
831938.827029394,1644355.406822907
831939.419051499,1644354.665494241
831940.007839979,1644353.898275892
831940.600524984,1644353.108958491
831941.207929203,1644352.293999374
831941.826258123,1644351.468114720
831942.462794853,1644350.624020830
831943.109899378,1644349.794841501
831943.760339576,1644348.984168986
831944.417655027,1644348.195744324
831945.075123481,1644347.396245344
831945.714639136,1644346.596498402
831946.329071839,1644345.792712867
831946.914831020,1644344.984839143
831947.479199789,1644344.165593533
831948.022076170,1644343.342358920
831948.550539323,1644342.522617378
831949.071923346,1644341.695393767
831949.604028119,1644340.872010386
831950.125310229,1644340.052169670
831950.607096107,1644339.231783417
831951.067440571,1644338.403716713
831951.509781226,1644337.579093481
831951.927089896,1644336.746740204
831952.330138288,1644335.906805665
831952.743805448,1644335.078094240
831953.150291491,1644334.249283627
831953.553135997,1644333.424114864
831953.941618244,1644332.598747722
831954.322868384,1644331.776972835
831954.693448810,1644330.947666279
831955.067568838,1644330.122100762
831955.456000184,1644329.300425069
831955.855254253,1644328.475206721
831956.254406367,1644327.657371260
831956.642531845,1644326.857844228
831957.027117760,1644326.054576160
831957.404573544,1644325.247517460
831957.771257633,1644324.440309977
831958.134300182,1644323.636744342
831958.508420396,1644322.811178837
831958.878848081,1644321.992946624
831959.235066464,1644321.163441702
831959.594977416,1644320.326603491
831959.955143332,1644319.471308066
831960.315258278,1644318.619704085
831960.686246941,1644317.760866006
831961.057388591,1644316.890953599
831961.435711409,1644316.021140385
831961.814034249,1644315.151327172
831962.203434764,1644314.259514089
831962.596680822,1644313.349293389
831963.000749611,1644312.435530034
831963.404818425,1644311.521766681
831963.812426846,1644310.611744367
831964.216240761,1644309.716438231
831964.605386467,1644308.843082371
831964.965450675,1644307.995169845
831965.318282765,1644307.150849572
831965.653365957,1644306.291515547
831965.956337952,1644305.416969388
831966.227300721,1644304.519828207
831966.473537389,1644303.592808309
831966.662630800,1644302.642846218
831966.797967564,1644301.684757300
831966.883087261,1644300.722282595
831966.925222026,1644299.751829853
831966.924371854,1644298.773399074
831966.891359456,1644297.783447603
831966.840598123,1644296.778482383
831966.782757602,1644295.766035086
831966.710707727,1644294.742315080
831966.631578661,1644293.711112998
831966.541524881,1644292.690836461
831966.433416221,1644291.677694834
831966.314586801,1644290.660712980
831966.192166785,1644289.643681535
831966.069695760,1644288.630341535
831965.958149415,1644287.606075997
831965.861118327,1644286.570934514
831965.767677799,1644285.535842629
831965.681469396,1644284.497158495
831965.598953531,1644283.451141073
831965.509307480,1644282.401333020
831965.416172808,1644281.344092489
831965.315958937,1644280.279369886
831965.208665867,1644279.207165208
831965.094293595,1644278.127478459
831964.980074266,1644277.036717384
831964.862213349,1644275.949598160
831964.740761831,1644274.862429345
831964.619310291,1644273.775260534
831964.494319137,1644272.684350689
831964.372867553,1644271.597181886
831964.244285776,1644270.506222453
831964.104932233,1644269.415114242
831963.954806927,1644268.323857250
831963.786626716,1644267.239735177
831963.600493577,1644266.155365136
831963.403333732,1644265.089303531
831963.202583278,1644264.023192339
831962.987419483,1644262.960574218
831962.779232873,1644261.912821063
831962.560172515,1644260.872302017
831962.348599217,1644259.809733509
831962.136974902,1644258.750856451
831961.925299570,1644257.695670841
831961.710135602,1644256.633052759
831961.487739453,1644255.574026939
831961.254316593,1644254.533309558
831961.017150162,1644253.503616918
831960.776240158,1644252.484949020
831960.528046985,1644251.473564827
831960.286932975,1644250.469662714
831960.042126381,1644249.473093900
831959.800910340,1644248.476574686
831959.559745257,1644247.476364038
831959.325863285,1644246.468869697
831959.088390699,1644245.461325771
831958.850969072,1644244.450090408
831958.591799968,1644243.453323266
831958.328989263,1644242.460197982
831958.051663231,1644241.477948661
831957.767156002,1644240.495600163
831957.471826001,1644239.516794337
831957.176648926,1644238.526914194
831956.877830247,1644237.540675908
831956.564649196,1644236.554239263
831956.240594384,1644235.575036736
831955.912999939,1644234.592093183
831955.592637615,1644233.605557383
831955.275916829,1644232.615379741
831954.966479149,1644231.617918410
831954.660683005,1644230.616815238
831954.347705655,1644229.615612893
831954.027496113,1644228.618002816
831953.700105365,1644227.620293565
831953.372663597,1644226.626275767
831953.038040620,1644225.632158797
831952.707008193,1644224.638091429
831952.372436129,1644223.640283038
831952.034324427,1644222.638733624
831951.689031514,1644221.637085038
831951.347380135,1644220.631794613
831951.002240101,1644219.619071723
831950.649969837,1644218.602558220
831950.294057964,1644217.589686580
831949.945378213,1644216.573222691
831949.593107836,1644215.556709223
831949.237195848,1644214.543837619
831948.888414014,1644213.534756650
831948.539683127,1644212.521984251
831948.180129453,1644211.512754534
831947.816934168,1644210.507166681
831947.450046290,1644209.508912134
831947.083209357,1644208.506966158
831946.709140224,1644207.508612455
831946.342099281,1644206.521432271
831945.975109283,1644205.530560659
831945.611709836,1644204.539738648
831945.240874258,1644203.567274680
831944.869885694,1644202.605885052
831944.491766897,1644201.640704814
831944.106313934,1644200.686499736
831943.717219360,1644199.735936524
831943.321096515,1644198.774199819
831942.925024614,1644197.808771686
831942.510999721,1644196.843095620
831942.100514397,1644195.881160600
831941.675717652,1644194.915335796
831941.250869884,1644193.953202448
831940.808069161,1644192.990821156
831940.390453475,1644192.025095574
